id,first_name,last_name,email,gender,ip_address,cc
1,Rubi,Spoerl,rspoerl0@jimdo.com,Female,176.142.248.92,6762285877352221788
2,Suzann,Ginnaly,sginnaly1@baidu.com,Female,71.121.124.235,5394497504520348
3,Wallis,Alner,walner2@networksolutions.com,Female,52.230.89.232,5602250142380114
4,Bary,Laviss,blaviss3@typepad.com,Male,177.249.57.238,3550023696975697
5,Kriste,Bertrand,kbertrand4@arstechnica.com,Female,180.58.72.214,30542593066280
6,Martha,Huckel,mhuckel5@usa.gov,Female,53.183.233.210,3532165487806129
7,Kylie,Lodemann,klodemann6@cyberchimps.com,Male,202.26.66.12,30331101212259
8,Adair,Scherme,ascherme7@taobao.com,Male,216.39.49.58,3564280293176830
9,Natale,Hortop,nhortop8@istockphoto.com,Male,56.152.50.233,670665542533531767
10,Alano,Abbotson,aabbotson9@google.nl,Male,98.174.245.249,5337952004527953
11,Tristam,MacDuff,tmacduffa@example.com,Male,224.109.192.199,060417188932250206
12,Aretha,Luddy,aluddyb@timesonline.co.uk,Female,175.177.36.56,3582398215589613
13,Andriana,Molyneux,amolyneuxc@bravesites.com,Female,211.85.91.112,3536571266203451
14,Redd,Gaine,rgained@quantcast.com,Male,239.2.23.18,374288088657894
15,Mercie,Dearth,mdearthe@dropbox.com,Female,199.183.69.185,3529225622860806
16,Jereme,Gillibrand,jgillibrandf@diigo.com,Male,126.147.161.178,3531364557906478
17,Yvette,Leavry,yleavryg@sogou.com,Female,171.71.145.153,4026477379689880
18,Gregg,McPherson,gmcphersonh@squarespace.com,Male,171.156.171.69,374622157763003
19,Angil,MacCoveney,amaccoveneyi@over-blog.com,Female,81.31.10.24,3553453661750899
20,Stacia,Dresche,sdreschej@yellowpages.com,Female,112.36.15.19,5007668230522746
21,Madlen,Switsur,mswitsurk@sourceforge.net,Female,97.209.231.85,3562233395310312
22,Mil,Tick,mtickl@desdev.cn,Female,58.133.152.160,633110566709083385
23,Barrie,Thorowgood,bthorowgoodm@sphinn.com,Female,118.112.71.179,3566790855419095
24,Marys,Synnot,msynnotn@howstuffworks.com,Female,18.129.97.51,3588528588722185
25,Benn,Grotty,bgrottyo@livejournal.com,Male,13.111.121.240,5018634680990510661
26,Waldemar,Allchin,wallchinp@mozilla.org,Male,155.142.43.60,3562590699223628
27,Sonja,Kowalski,skowalskiq@infoseek.co.jp,Female,49.136.76.92,5048375983053843
28,Menard,Arderne,marderner@delicious.com,Male,227.203.131.70,3546476268725402
29,Jozef,Saunton,jsauntons@goo.ne.jp,Male,163.184.212.6,56022369541795246
30,Jen,Iceton,jicetont@cmu.edu,Female,2.137.208.163,4041592073740002
31,Biddy,Jepperson,bjeppersonu@blog.com,Female,169.127.142.200,56022584125357946
32,Maressa,Cuffe,mcuffev@disqus.com,Female,155.96.64.56,3550548235679996
33,Ellie,Libero,eliberow@ft.com,Female,116.14.192.81,5602233635915331
34,Merci,Restill,mrestillx@mediafire.com,Female,198.210.108.61,36207281625987
35,Kleon,Keeves,kkeevesy@comsenz.com,Male,214.47.122.106,675955122515014526
36,Miranda,Bowlands,mbowlandsz@cnn.com,Female,62.72.110.26,3574891421323165
37,Maudie,Martonfi,mmartonfi10@adobe.com,Female,239.3.97.132,4405613415450181
38,Antonino,Virgo,avirgo11@cloudflare.com,Male,28.51.52.99,3537746590371328
39,Thomasin,Batisse,tbatisse12@noaa.gov,Female,22.197.202.197,6771886015723162
40,Bria,Warner,bwarner13@tripadvisor.com,Female,46.77.33.105,3583742501029249
41,Carroll,Pelham,cpelham14@geocities.jp,Female,118.60.214.182,6762069838189150105
42,Mortimer,Coop,mcoop15@woothemes.com,Male,50.96.50.202,3566805692931084
43,Trenton,Joscelin,tjoscelin16@cisco.com,Genderqueer,248.7.151.64,3565346309742870
44,Maude,Antalffy,mantalffy17@howstuffworks.com,Genderqueer,18.31.214.203,5443790372723718
45,Oswald,Fullegar,ofullegar18@google.nl,Male,11.49.57.88,5002355278527648
46,Pail,Jiruch,pjiruch19@parallels.com,Male,203.151.184.32,3578034409776817
47,Maren,Metcalf,mmetcalf1a@yolasite.com,Female,182.117.201.66,6379293194349669
48,Kellby,Brewin,kbrewin1b@etsy.com,Bigender,151.100.60.207,3570938400766502
49,Floyd,Hellicar,fhellicar1c@ycombinator.com,Male,169.77.235.40,5549593234043256
50,Abbot,Stanaway,astanaway1d@squarespace.com,Male,155.105.153.193,3577440531013683
51,Rebecka,Schiesterl,rschiesterl1e@mozilla.org,Female,19.226.203.74,201476667566649
52,Madeline,Menauteau,mmenauteau1f@gnu.org,Agender,171.127.4.56,343700889394210
53,Evaleen,Elsmere,eelsmere1g@infoseek.co.jp,Female,19.161.212.2,50382459396110737
54,Ami,Fort,afort1h@biblegateway.com,Female,203.74.156.243,676278493084541878
55,Ephrayim,Loraine,eloraine1i@wunderground.com,Male,88.32.2.134,3564614544254683
56,Abagail,Croce,acroce1j@nydailynews.com,Female,174.8.186.22,6706603453740665458
57,Karim,Jarmaine,kjarmaine1k@seattletimes.com,Male,228.137.26.27,3553982633171800
58,Griffin,McMaster,gmcmaster1l@umn.edu,Male,184.186.193.17,30237000233066
59,Ezra,Barnard,ebarnard1m@usatoday.com,Male,100.215.233.75,4508290880275322
60,Osbourne,Grubb,ogrubb1n@pagesperso-orange.fr,Male,25.80.26.17,3575261847996565
61,Loria,Cleyburn,lcleyburn1o@nih.gov,Female,133.143.46.197,201562250576408
62,Fanechka,Perocci,fperocci1p@netvibes.com,Female,71.54.20.164,3556219952553160
63,Niel,Papps,npapps1q@tuttocitta.it,Male,173.140.169.48,58933050131947561
64,Carl,Sollner,csollner1r@ucoz.ru,Male,0.121.181.193,3580146006504560
65,Raffaello,Halson,rhalson1s@cbc.ca,Genderfluid,232.90.118.39,5007666324086222
66,Spenser,Dougharty,sdougharty1t@nymag.com,Male,208.104.185.197,6304255078183654
67,Dani,Rixon,drixon1u@wsj.com,Male,31.0.215.112,5602231772392561
68,Ruttger,Derrick,rderrick1v@goo.gl,Male,238.36.219.184,5521359044420932
69,Thatch,Towndrow,ttowndrow1w@squidoo.com,Male,2.46.146.153,503871792438870728
70,Gwynne,Danielovitch,gdanielovitch1x@dion.ne.jp,Female,17.48.198.35,6762401810352612
71,Delmor,Bozier,dbozier1y@naver.com,Male,92.7.141.31,5392208527721306
72,Brynne,Soonhouse,bsoonhouse1z@dedecms.com,Female,183.204.64.140,4508403395854313
73,Vaclav,Miguel,vmiguel20@phoca.cz,Male,247.166.156.60,3542064408220114
74,Barbaraanne,Kaming,bkaming21@unicef.org,Female,148.248.199.181,377687767415424
75,Saunderson,Brawley,sbrawley22@flickr.com,Male,135.89.34.192,3570207114768646
76,Cullen,Drewet,cdrewet23@dedecms.com,Genderfluid,56.123.217.222,5002355521929997
77,Abbott,Semaine,asemaine24@google.co.uk,Genderqueer,8.138.69.228,3571616710109600
78,Durante,Devennie,ddevennie25@storify.com,Male,41.242.137.36,3565551462118988
79,Lurline,Pearsall,lpearsall26@wired.com,Female,37.60.17.9,4175009140652712
80,Angelique,Bexley,abexley27@msu.edu,Female,177.68.100.243,3528089165851213
81,Sandy,Girsch,sgirsch28@gizmodo.com,Male,134.102.240.95,3543566332398450
82,Abra,Hannah,ahannah29@wufoo.com,Female,5.171.108.52,677166032625623523
83,Della,Sibbet,dsibbet2a@go.com,Female,248.21.170.121,3581816781273941
84,Vania,Bilby,vbilby2b@boston.com,Non-binary,196.10.24.183,564182512196190523
85,Mercie,Glozman,mglozman2c@sciencedirect.com,Female,203.88.228.67,5048377865347152
86,Livia,Macak,lmacak2d@flickr.com,Female,208.104.27.175,344718077584375
87,Les,Pettingall,lpettingall2e@google.ru,Male,250.123.218.119,3555730886838064
88,Meghan,Kleewein,mkleewein2f@plala.or.jp,Female,33.42.160.161,3536652924504751
89,Al,Livings,alivings2g@cyberchimps.com,Male,197.14.3.5,5602255142814848
90,Morgun,Andriveaux,mandriveaux2h@ifeng.com,Male,24.180.218.148,201406184782627
91,Hastings,Franses,hfranses2i@hostgator.com,Male,172.157.188.126,4508213453492702
92,Gabrila,Parke,gparke2j@java.com,Female,57.98.192.196,5578009762964247
93,Sylvester,Cuskery,scuskery2k@mayoclinic.com,Male,123.28.191.174,633329426431678951
94,Waring,Jeger,wjeger2l@paypal.com,Male,74.192.8.145,3550762187526648
95,Kaela,Heaney,kheaney2m@illinois.edu,Female,96.132.206.132,3581014777423973
96,Lancelot,Brixey,lbrixey2n@sciencedirect.com,Male,95.178.100.84,5108758229105922
97,Gaven,Squibbes,gsquibbes2o@delicious.com,Male,195.60.102.203,3540542190842593
98,Elberta,Cunah,ecunah2p@free.fr,Female,133.3.232.201,3530143781826020
99,Larine,Drowsfield,ldrowsfield2q@dedecms.com,Female,111.1.47.45,3589896377471572
100,Risa,Jancy,rjancy2r@e-recht24.de,Female,138.156.248.233,3572340055637708
101,Marthena,Evangelinos,mevangelinos2s@deliciousdays.com,Female,52.203.75.172,3539541580384698
102,Yancy,Fettis,yfettis2t@shareasale.com,Male,247.103.119.13,5396421465887221
103,Johan,Foss,jfoss2u@mlb.com,Genderfluid,41.90.123.128,3564104062997202
104,Courtnay,Trembey,ctrembey2v@answers.com,Female,181.219.230.174,5602255191288905737
105,Wendall,Oliva,woliva2w@prnewswire.com,Male,126.92.13.137,3571167183450709
106,Talyah,Pauletto,tpauletto2x@fema.gov,Female,69.197.212.86,5602254327268631
107,Car,Cheine,ccheine2y@paginegialle.it,Male,161.78.111.198,201733027440844
108,Roy,Andrei,randrei2z@ucoz.ru,Male,162.73.154.55,30467435475897
109,Rhody,Pisculli,rpisculli30@admin.ch,Genderfluid,163.158.1.109,201655730466016
110,Riki,Nettleship,rnettleship31@nsw.gov.au,Female,148.234.227.70,5610207012771616
111,Aprilette,Stoile,astoile32@over-blog.com,Female,160.35.188.140,3577305096949300
112,Lanna,Zute,lzute33@devhub.com,Female,167.149.153.64,3575477540024923
113,Porter,Peers,ppeers34@blogger.com,Bigender,153.41.102.167,3550771684027141
114,Tome,Fallows,tfallows35@geocities.jp,Male,13.47.231.122,5602256172673096
115,Gusella,Van der Merwe,gvandermerwe36@usa.gov,Genderfluid,171.74.155.222,374283658873427
116,Petrina,Airton,pairton37@domainmarket.com,Female,73.55.51.41,337941792771452
117,Adolph,Brockie,abrockie38@live.com,Male,203.218.127.158,5610820304142501936
118,Carny,Loveland,cloveland39@printfriendly.com,Genderfluid,213.225.5.15,3546905347864527
119,Irina,Mechic,imechic3a@wordpress.com,Female,106.243.144.211,3562102795526480
120,Faye,McCarlich,fmccarlich3b@mozilla.org,Female,192.23.5.220,63042570366256428
121,Florenza,Dormand,fdormand3c@jigsy.com,Female,15.194.86.11,3582047926653792
122,Howey,Antoniat,hantoniat3d@w3.org,Male,40.38.61.28,6334784778876071
123,Ethel,Jolley,ejolley3e@reference.com,Female,138.62.255.107,630489491553265179
124,Krishna,Heinish,kheinish3f@canalblog.com,Male,116.228.181.71,5048375499446457
125,Vicky,De Domenicis,vdedomenicis3g@angelfire.com,Agender,101.162.185.43,3562923545848258
126,Nels,Kinkead,nkinkead3h@gnu.org,Male,231.73.143.146,3585492241259882
127,Sonja,Gearing,sgearing3i@blogspot.com,Female,184.100.64.5,30520892013401
128,Barb,Dorman,bdorman3j@soundcloud.com,Female,150.119.100.84,3566627113101109
129,Lelah,Decent,ldecent3k@wordpress.org,Female,234.232.142.27,6390435954257930
130,Jayne,Meadows,jmeadows3l@army.mil,Female,79.175.116.120,3560888036963118
131,Veradis,Fiddy,vfiddy3m@disqus.com,Female,245.190.134.80,201994663974724
132,Fawnia,Tyce,ftyce3n@census.gov,Female,12.20.56.226,50205819269601986
133,Colette,Rubanenko,crubanenko3o@kickstarter.com,Female,10.180.168.222,501836571019877759
134,Radcliffe,Strood,rstrood3p@edublogs.org,Male,24.234.151.112,5602251908306905
135,Clementius,Gilyott,cgilyott3q@vimeo.com,Male,64.0.170.53,6381638799441129
136,Sascha,Fairpo,sfairpo3r@deliciousdays.com,Male,224.203.161.135,3556839297088182
137,Wendall,O'Doohaine,wodoohaine3s@accuweather.com,Male,228.158.235.60,30476239961762
138,Elizabet,Rewcassell,erewcassell3t@cocolog-nifty.com,Female,90.170.155.129,3583938621483577
139,Stephanie,Keeley,skeeley3u@altervista.org,Non-binary,69.106.127.23,3530523731383042
140,Cazzie,Overbury,coverbury3v@sun.com,Male,244.229.122.149,5602227417209848
141,Dolorita,Cosens,dcosens3w@e-recht24.de,Female,214.18.99.227,3549833456153499
142,Donni,Giampietro,dgiampietro3x@google.com.au,Female,2.133.52.106,201537514806338
143,Susana,Bennough,sbennough3y@mapquest.com,Bigender,37.201.242.165,5299533037244497
144,Elsworth,Blackledge,eblackledge3z@sitemeter.com,Male,77.73.232.62,5100137752725869
145,Merrile,Godsmark,mgodsmark40@npr.org,Female,230.196.144.59,6706601698373879634
146,Cristal,Ragborne,cragborne41@slideshare.net,Female,20.242.164.86,4041595343861672
147,Gaye,Dougary,gdougary42@opensource.org,Female,30.13.113.241,67630724707781953
148,Irv,Davis,idavis43@house.gov,Male,208.3.112.184,3536830795764528
149,Dulci,Carbert,dcarbert44@constantcontact.com,Female,15.53.232.182,3534483556194063
150,Katusha,Glaum,kglaum45@oracle.com,Female,170.171.83.42,3582811179697172
151,Matthew,Folland,mfolland46@ning.com,Male,248.218.139.229,4041372701721728
152,Cesare,McPike,cmcpike47@spotify.com,Male,234.244.238.80,3565947930443562
153,Allys,Milborn,amilborn48@myspace.com,Female,247.140.106.121,3536879159465321
154,Klemens,Woodrup,kwoodrup49@blogger.com,Male,79.26.226.78,5544779004806643
155,Lois,Tours,ltours4a@canalblog.com,Female,158.196.45.206,4017952302586164
156,Wye,Wilkerson,wwilkerson4b@360.cn,Male,55.82.241.184,5100177923661304
157,Quintilla,Severs,qsevers4c@aol.com,Female,163.233.240.233,5530191434719220
158,Perceval,Bernuzzi,pbernuzzi4d@amazon.co.uk,Male,98.135.154.33,3548123271971072
159,Joe,Tearny,jtearny4e@webmd.com,Male,76.150.212.157,3528827556810946
160,Clyde,Scaife,cscaife4f@seesaa.net,Agender,201.189.119.237,374622522524890
161,Vivianne,Raffels,vraffels4g@booking.com,Female,242.194.68.65,6759638266510404611
162,Inness,McKearnen,imckearnen4h@squarespace.com,Male,202.249.136.231,6396428193594589
163,Candace,Sheron,csheron4i@cdbaby.com,Female,185.175.92.146,3547481294192303
164,Donny,Feragh,dferagh4j@ycombinator.com,Male,210.36.87.83,3538646653724851
165,Reeba,Blaze,rblaze4k@barnesandnoble.com,Female,248.235.216.30,3532641667937330
166,Olivette,Havvock,ohavvock4l@cnbc.com,Female,77.154.236.223,3579599335319071
167,Julius,Sushams,jsushams4m@friendfeed.com,Male,19.149.76.76,3531925229683693
168,Cullen,Gresly,cgresly4n@mediafire.com,Male,72.60.123.127,3531432312111435
169,Micky,Tregear,mtregear4o@sun.com,Male,63.89.170.141,3568863170456106
170,Claresta,Garrish,cgarrish4p@cdbaby.com,Female,56.227.108.41,3554976617921379
171,Micheal,Josham,mjosham4q@imdb.com,Male,62.190.24.70,6709530595914232
172,Malinde,Slesser,mslesser4r@wunderground.com,Female,181.120.62.187,30062773007285
173,Gabriellia,Matushevich,gmatushevich4s@paypal.com,Female,106.44.10.113,3529464249667571
174,Abbye,Edlestone,aedlestone4t@github.com,Female,77.63.194.25,3529120642973756
175,Dillon,Nicholl,dnicholl4u@oaic.gov.au,Male,23.162.24.155,3532213877312124
176,Reg,Oehm,roehm4v@aboutads.info,Male,192.6.73.142,3563010084582396
177,Alissa,Chettle,achettle4w@stanford.edu,Female,227.112.210.31,3554157162854386
178,Normie,Pitcock,npitcock4x@51.la,Male,143.53.79.24,3535037666081583
179,Aridatha,Dowtry,adowtry4y@homestead.com,Female,56.219.60.24,5610747169355580
180,Merrill,Tincknell,mtincknell4z@dmoz.org,Genderqueer,171.5.208.192,3567148826824357
181,Dallas,Binley,dbinley50@amazonaws.com,Male,208.154.193.73,56022521746885772
182,Kerr,Canedo,kcanedo51@bloomberg.com,Male,127.190.250.87,3570944318267195
183,Jacklyn,Butchers,jbutchers52@infoseek.co.jp,Female,236.223.97.43,3545814666914817
184,Puff,Welland,pwelland53@reference.com,Male,186.21.253.132,560223724076699577
185,Pasquale,Barrick,pbarrick54@sciencedaily.com,Male,213.238.178.209,56022516433207538
186,Aloysius,Hambrick,ahambrick55@geocities.jp,Male,30.46.159.212,5893070289079768
187,Elsy,Matthiesen,ematthiesen56@youku.com,Genderfluid,51.106.46.111,201435130148203
188,Brook,Turpie,bturpie57@ihg.com,Male,30.156.255.42,5602256159289288
189,Chiquita,Hotchkin,chotchkin58@simplemachines.org,Non-binary,103.230.153.233,3530787341499411
190,Lutero,Balston,lbalston59@rambler.ru,Male,19.3.223.119,5100176073631661
191,Dulciana,Bente,dbente5a@pinterest.com,Female,116.50.19.244,6333487531132748
192,Georgetta,Elfe,gelfe5b@fotki.com,Polygender,167.75.209.99,676354258017355762
193,Corbett,Langton,clangton5c@java.com,Male,129.193.211.88,3534651400792163
194,Emilio,Norwell,enorwell5d@xrea.com,Male,224.173.39.72,5602253481582126
195,Irena,Tollady,itollady5e@cbslocal.com,Female,155.78.250.209,3586694878975420
196,Donny,Overall,doverall5f@baidu.com,Female,25.229.161.71,4917061957154632
197,Hali,Chupin,hchupin5g@reference.com,Genderqueer,169.137.162.67,374283827874397
198,Kermie,Cortnay,kcortnay5h@rediff.com,Male,238.205.151.12,3551201414932930
199,Hakeem,Bestwick,hbestwick5i@cbc.ca,Male,77.224.40.124,3537395685322786
200,Aline,Russon,arusson5j@sakura.ne.jp,Female,125.243.114.6,3578257664816164
201,Joel,Swancott,jswancott5k@jimdo.com,Male,3.71.225.129,3585498946503847
202,Cissiee,Simonitto,csimonitto5l@census.gov,Genderqueer,60.128.70.243,3566296013399682
203,Juana,Jewess,jjewess5m@parallels.com,Agender,180.65.126.239,633110548543284221
204,Oswald,Nannizzi,onannizzi5n@gov.uk,Male,122.140.136.53,374283274522358
205,Melisandra,Standidge,mstandidge5o@networksolutions.com,Female,102.158.188.11,3533869882849290
206,Benedetta,Beamiss,bbeamiss5p@bravesites.com,Female,184.154.246.188,3536584547505438
207,Davidson,Dulson,ddulson5q@xinhuanet.com,Male,3.228.195.242,3551412887355257
208,Rhody,Lovemore,rlovemore5r@bbc.co.uk,Female,168.194.34.231,5602253620470423
209,Andi,Hapgood,ahapgood5s@vimeo.com,Female,99.157.210.37,3574186889073927
210,Lonnie,Witcherley,lwitcherley5t@dell.com,Male,47.177.243.228,3568893089538926
211,Berk,Haseldine,bhaseldine5u@plala.or.jp,Male,164.169.119.194,3581982707714176
212,Jim,Birtwhistle,jbirtwhistle5v@prlog.org,Male,193.126.173.251,3566279971722855
213,Innis,Chotty,ichotty5w@chicagotribune.com,Male,17.202.191.108,3575959015490176
214,Tammy,Rawlins,trawlins5x@mapy.cz,Female,137.154.143.105,201662390261893
215,Algernon,Foffano,afoffano5y@freewebs.com,Male,122.11.98.89,6761471549490737
216,Errol,Goodrick,egoodrick5z@google.es,Male,232.148.168.52,3529859733679893
217,Yehudit,Domenichini,ydomenichini60@prweb.com,Male,113.67.81.226,3578527027089042
218,Elisabet,Well,ewell61@cdbaby.com,Female,136.117.34.190,3568189772283296
219,Kliment,Scotson,kscotson62@posterous.com,Male,100.110.6.0,201863926202639
220,Danielle,Westoll,dwestoll63@toplist.cz,Female,227.86.208.165,344960899035455
221,Mendie,McCaster,mmccaster64@cisco.com,Male,60.126.79.29,3564911602148835
222,Karlene,Payle,kpayle65@washington.edu,Female,200.18.193.91,3587597822389409
223,Godwin,Verner,gverner66@exblog.jp,Bigender,197.239.59.39,3566257748425515
224,Yolane,Sabin,ysabin67@creativecommons.org,Female,15.10.149.161,3586964804133455
225,Norman,Mc Cahey,nmccahey68@ucoz.ru,Male,118.112.246.110,3557006467916902
226,Hazel,Work,hwork69@fema.gov,Male,90.114.113.31,6759547969500853008
227,Wolf,Featenby,wfeatenby6a@chronoengine.com,Male,173.18.82.2,3575502568488831
228,Ruddie,Rymmer,rrymmer6b@fc2.com,Male,199.160.115.220,6393712908842042
229,Vilma,Ashingden,vashingden6c@51.la,Female,70.28.156.13,5602239189477438
230,Geri,Searl,gsearl6d@patch.com,Male,129.124.131.137,201748492979845
231,Phillip,Rickerd,prickerd6e@ftc.gov,Male,215.127.206.21,30469386405881
232,Dugald,McPhilemy,dmcphilemy6f@networksolutions.com,Male,209.0.134.222,3583280405186419
233,Major,Dalrymple,mdalrymple6g@liveinternet.ru,Male,187.151.11.18,201647679834155
234,Trevor,Merredy,tmerredy6h@cornell.edu,Male,16.242.192.167,3563673270573634
235,Ole,Stobart,ostobart6i@sohu.com,Male,107.117.124.107,3562215648764445
236,Vince,Tapin,vtapin6j@feedburner.com,Male,169.53.114.195,3565542504244627
237,Milo,Dockreay,mdockreay6k@netlog.com,Male,135.21.10.237,3559642588633741
238,Randal,Ethridge,rethridge6l@wikimedia.org,Male,131.62.237.42,372301730621523
239,Reidar,Kesterton,rkesterton6m@cafepress.com,Male,106.42.68.239,6377971997780840
240,Katlin,Littledyke,klittledyke6n@drupal.org,Female,89.168.92.37,201833097218367
241,Valentine,Ivantsov,vivantsov6o@goodreads.com,Male,183.16.107.132,201436066344600
242,Andria,Cuzen,acuzen6p@qq.com,Female,162.75.207.201,3546673358231636
243,Minna,Blazewicz,mblazewicz6q@accuweather.com,Female,61.97.183.110,5602231103246627
244,Lisbeth,Coytes,lcoytes6r@dyndns.org,Female,108.17.239.0,3558696235183675
245,Aldrich,Musla,amusla6s@timesonline.co.uk,Male,163.89.138.32,5010125278439585
246,Malory,Avesque,mavesque6t@wisc.edu,Genderqueer,22.225.184.6,3528366850390784
247,Carey,Insko,cinsko6u@mashable.com,Male,65.190.188.8,3540937745102404
248,Damien,Nore,dnore6v@flickr.com,Male,65.3.5.157,30363761363817
249,Rex,Jeannon,rjeannon6w@mtv.com,Male,86.199.0.183,3555520879896488
250,Maggie,Bragg,mbragg6x@sohu.com,Female,224.154.210.195,0604581172864497
251,Lianne,Wreford,lwreford6y@nymag.com,Female,234.246.99.161,374283120176128
252,Francoise,Mendez,fmendez6z@fotki.com,Female,189.27.76.148,3555164335573611
253,Orv,Foord,ofoord70@geocities.com,Male,239.254.249.134,3583389868783404
254,Pete,Killbey,pkillbey71@virginia.edu,Male,226.80.0.27,3585113570582864
255,Simmonds,Letty,sletty72@boston.com,Male,95.57.108.85,3573984401801861
256,Mohammed,Cottey,mcottey73@fda.gov,Male,56.251.18.101,5602218611582131793
257,Sandra,Muxworthy,smuxworthy74@irs.gov,Female,21.240.217.89,5602229798944070657
258,Cyrillus,D'Oyley,cdoyley75@usatoday.com,Male,71.154.119.58,3533643215554210
259,Ambrosius,Edison,aedison76@elpais.com,Male,35.93.67.156,5100138649878044
260,Theobald,Siddaley,tsiddaley77@technorati.com,Genderqueer,241.53.64.86,3541194669455298
261,Karine,Gotecliffe,kgotecliffe78@businessinsider.com,Genderfluid,205.208.176.235,5251290555685322
262,Guilbert,Duffer,gduffer79@booking.com,Male,113.221.244.11,3546223432192436
263,Rollie,Cadigan,rcadigan7a@sbwire.com,Genderqueer,183.221.99.176,5602236243683837
264,Storm,Baraja,sbaraja7b@prweb.com,Female,179.68.147.12,5577584174402342
265,Jody,Grishunin,jgrishunin7c@fema.gov,Male,239.174.65.68,5641823597893870598
266,Gina,Brigman,gbrigman7d@feedburner.com,Female,16.207.112.63,5179595368185602
267,Carlin,Courteney,ccourteney7e@admin.ch,Male,151.108.18.217,6759353801589566669
268,Georgy,Roggieri,groggieri7f@dailymotion.com,Male,66.153.42.66,6767467358077561799
269,Grantham,Bransom,gbransom7g@purevolume.com,Genderfluid,112.153.183.74,06044430052801374
270,Zebadiah,Tressler,ztressler7h@topsy.com,Male,117.147.226.114,3562336058385016
271,Starr,Sabbins,ssabbins7i@diigo.com,Female,7.21.96.55,3538708291654898
272,Lorens,Shawley,lshawley7j@nba.com,Male,232.202.92.120,6383749101708267
273,Pete,Cowle,pcowle7k@google.de,Male,102.227.131.111,3575008640652006
274,Shela,Fogg,sfogg7l@sogou.com,Female,60.218.97.9,3571952121027747
275,West,Greim,wgreim7m@usgs.gov,Male,165.181.210.122,30189167969919
276,Hernando,Piele,hpiele7n@odnoklassniki.ru,Male,149.95.242.210,374622283888864
277,Darby,Blurton,dblurton7o@a8.net,Female,224.27.112.31,3581250545289466
278,Leonidas,Sidney,lsidney7p@cisco.com,Male,150.52.212.26,5602221334512459
279,Erich,Medcalf,emedcalf7q@pen.io,Male,128.240.226.73,4903741499161122238
280,Jacky,Schuck,jschuck7r@ox.ac.uk,Female,252.138.205.56,50186600822832554
281,Walden,Stairmond,wstairmond7s@sphinn.com,Male,130.59.189.128,676200974251172780
282,Grove,Hegg,ghegg7t@tripadvisor.com,Male,150.145.107.173,3541726593755192
283,Shay,O'Leagham,soleagham7u@engadget.com,Female,147.131.84.214,3567419577929756
284,Dorrie,Deniske,ddeniske7v@answers.com,Female,91.77.44.47,4617404355864837
285,Dominique,Ingyon,dingyon7w@goodreads.com,Female,116.70.253.174,5010126834791717
286,Derrik,Caudrey,dcaudrey7x@foxnews.com,Male,9.116.207.103,6397090247938524
287,Alvin,Steger,asteger7y@studiopress.com,Male,147.109.218.27,3555939900083751
288,Bliss,Padbery,bpadbery7z@bbb.org,Female,116.242.86.85,3531098319106924
289,Katherine,Lelievre,klelievre80@edublogs.org,Female,76.207.200.79,201719130218300
290,Wilmette,Ponnsett,wponnsett81@cam.ac.uk,Female,104.135.5.216,4175005645900069
291,Bonita,Winfindale,bwinfindale82@google.nl,Female,234.188.165.238,5602256954576574
292,Sallee,Patkin,spatkin83@com.com,Female,251.107.28.39,5602215754943657
293,Murdock,Mitchall,mmitchall84@latimes.com,Male,25.124.86.244,6706905623867124795
294,Quinn,Meddemmen,qmeddemmen85@berkeley.edu,Male,132.168.174.208,633408327478487328
295,Konstantine,Brigstock,kbrigstock86@wikia.com,Male,10.207.238.190,3553666974563713
296,Noreen,Clyma,nclyma87@free.fr,Female,236.68.96.33,3580859801510836
297,Tedra,Pitchers,tpitchers88@comsenz.com,Female,134.119.237.130,564182047589350251
298,Tremain,Pinnock,tpinnock89@fastcompany.com,Male,93.94.106.33,5602254044961828117
299,Timoteo,Eckart,teckart8a@last.fm,Male,168.121.78.166,201421850604047
300,Leupold,McGonagle,lmcgonagle8b@ehow.com,Male,33.135.57.79,349573810093555
301,Alphonso,Philipot,aphilipot8c@linkedin.com,Male,2.54.214.82,5602225176453300
302,Lazare,Naismith,lnaismith8d@bloglovin.com,Male,116.24.247.181,6372354490252440
303,Kellby,Newlin,knewlin8e@bravesites.com,Male,7.186.62.170,36554252438639
304,Clare,Gainsburgh,cgainsburgh8f@intel.com,Female,198.48.182.222,3541918955989143
305,Dolorita,Giuron,dgiuron8g@soup.io,Female,160.229.94.179,4913810014207526
306,Marleah,Maffini,mmaffini8h@hud.gov,Female,133.188.9.152,3578323150334466
307,Richart,Pond-Jones,rpondjones8i@cornell.edu,Male,233.31.200.220,3548296118493961
308,Vincenty,Port,vport8j@slashdot.org,Male,122.119.196.128,633110465556496123
309,Wallis,Caraher,wcaraher8k@php.net,Male,191.101.93.216,3564001621127257
310,Harmon,Holleworth,hholleworth8l@opera.com,Male,62.186.72.53,3541253466109050
311,Geralda,Hurdman,ghurdman8m@gizmodo.com,Female,56.95.102.76,3570022840552812
312,Solomon,Deards,sdeards8n@e-recht24.de,Male,57.149.54.147,3553101763317253
313,Mill,Rosenthaler,mrosenthaler8o@usnews.com,Male,128.50.48.136,3565211954590034
314,Maxie,Johnson,mjohnson8p@tinypic.com,Female,128.137.73.219,30442806132476
315,Felicio,Mitrikhin,fmitrikhin8q@paypal.com,Male,223.197.41.231,6761637088870084354
316,Ephraim,Bemlott,ebemlott8r@jugem.jp,Male,136.176.135.151,201620597315953
317,Sibylle,Royce,sroyce8s@gnu.org,Female,111.87.104.95,3550764988336862
318,Anatole,Moring,amoring8t@mozilla.org,Male,135.150.179.87,3542835251056253
319,Stephine,Misson,smisson8u@spotify.com,Female,118.116.46.131,3530437913660418
320,Bruce,Derricoat,bderricoat8v@chronoengine.com,Male,232.250.255.214,201630747714880
321,Ashlin,Goold,agoold8w@hibu.com,Male,138.114.169.104,3585000197950139
322,Ailis,Yelland,ayelland8x@cyberchimps.com,Female,241.72.197.134,30242866692934
323,Maryellen,Laundon,mlaundon8y@spiegel.de,Female,178.168.21.15,4405215703278280
324,Hermon,Carse,hcarse8z@studiopress.com,Male,179.58.150.85,3535945579763289
325,Lammond,Bucknill,lbucknill90@wp.com,Male,181.182.171.52,490381434290721185
326,Jo-anne,Place,jplace91@list-manage.com,Female,162.233.36.116,337941194366794
327,Adrianne,Swayne,aswayne92@dropbox.com,Bigender,18.117.71.195,347889118321551
328,Christabella,Grogona,cgrogona93@elegantthemes.com,Female,145.144.182.165,374283135324135
329,Nat,Danter,ndanter94@naver.com,Genderfluid,125.212.136.24,56102969488976304
330,Alys,Hardes,ahardes95@sbwire.com,Female,93.138.246.79,3552094368263512
331,Jada,Foggarty,jfoggarty96@chron.com,Female,158.40.32.175,6771237713673511112
332,Barty,Golson,bgolson97@weather.com,Male,62.148.105.126,3570630504740455
333,Ellerey,Scotland,escotland98@chronoengine.com,Male,125.232.154.180,5048370098060197
334,Auberon,Murby,amurby99@artisteer.com,Male,153.51.15.12,3550172972924745
335,Fidel,Maunder,fmaunder9a@geocities.com,Male,123.96.148.98,63044768175992294
336,Malissia,Hindrich,mhindrich9b@google.com.br,Female,135.255.62.56,201654881342860
337,Fielding,Simyson,fsimyson9c@google.es,Male,214.211.26.150,3560416576159762
338,Jerrie,Anthony,janthony9d@disqus.com,Male,50.168.17.138,5007664064464139
339,Danice,Pridmore,dpridmore9e@google.fr,Female,237.221.42.72,6304257079105935435
340,Hope,Mynett,hmynett9f@army.mil,Female,26.103.55.158,3530767316468104
341,Chadwick,Giscken,cgiscken9g@nasa.gov,Male,123.163.51.66,5007669695934400
342,Neron,Holberry,nholberry9h@smh.com.au,Male,15.160.107.206,4508221532962363
343,Denys,Longstaff,dlongstaff9i@about.me,Female,189.6.224.195,630498141785060117
344,Akim,Speare,aspeare9j@lycos.com,Male,212.31.154.79,490575785786600290
345,Chrissie,Brigge,cbrigge9k@yolasite.com,Male,145.202.110.78,3547831136016310
346,Courtnay,Ziems,cziems9l@feedburner.com,Male,115.188.48.84,5048376398788221
347,Madella,Friend,mfriend9m@senate.gov,Female,21.250.197.132,3563968508264612
348,Sollie,Ommundsen,sommundsen9n@scribd.com,Male,246.134.53.193,3532553694412890
349,Lewes,Pafford,lpafford9o@youku.com,Male,241.218.121.214,56103804063786324
350,Wallis,Toohey,wtoohey9p@hud.gov,Male,31.116.47.74,060460317688021554
351,Brody,Danilishin,bdanilishin9q@businesswire.com,Male,74.109.54.4,30197104827363
352,Farrah,Hoggan,fhoggan9r@technorati.com,Female,147.76.160.224,3546919029728900
353,Celia,Willowby,cwillowby9s@merriam-webster.com,Female,137.181.47.1,3561735788288864
354,Lavinia,Ough,lough9t@xing.com,Female,144.247.23.227,3533184048588935
355,Hillie,Buttery,hbuttery9u@cbslocal.com,Male,145.105.233.224,3572257653136356
356,Kathe,Belitz,kbelitz9v@smugmug.com,Female,229.253.140.198,4508868236896394
357,Gerri,Dimmack,gdimmack9w@clickbank.net,Female,116.23.21.28,3542539251470064
358,Shelley,Bodiam,sbodiam9x@apache.org,Male,96.105.144.223,3547697677034966
359,Hamilton,Arkell,harkell9y@spotify.com,Male,2.62.247.221,5602243474343495
360,Dorian,Roache,droache9z@wired.com,Male,249.165.253.103,5002350648383756
361,Mallory,Eddowes,meddowesa0@last.fm,Male,1.211.173.191,30018599055924
362,Christos,Balden,cbaldena1@mail.ru,Male,125.26.188.224,56022430649112880
363,Lesley,Allcott,lallcotta2@vimeo.com,Male,181.208.252.107,3561528930171884
364,Osmond,Shippam,oshippama3@cafepress.com,Male,235.150.43.5,5010124978110935
365,Coraline,Breens,cbreensa4@live.com,Female,242.248.125.197,3552131133130269
366,Josefina,Wisham,jwishama5@stumbleupon.com,Genderqueer,166.16.38.160,3586369821747610
367,Claiborne,Sarver,csarvera6@businessinsider.com,Male,52.27.68.214,3563772966980721
368,Livvyy,Kerfod,lkerfoda7@nymag.com,Female,182.13.147.0,3540053248312431
369,Manolo,MacMillan,mmacmillana8@google.ca,Male,224.44.194.76,6767044079071958938
370,Ardeen,Haith,ahaitha9@themeforest.net,Female,104.22.115.128,6761997586231691
371,Oates,Porson,oporsonaa@eventbrite.com,Male,74.205.176.209,67624829676826446
372,Elsy,Elstub,eelstubab@upenn.edu,Female,6.41.159.253,4022582792313
373,Tibold,Vogl,tvoglac@oakley.com,Male,93.74.127.136,5108754782087144
374,Hilton,Wheatcroft,hwheatcroftad@etsy.com,Male,21.107.134.96,3566189339811466
375,Olivette,Lockitt,olockittae@360.cn,Female,4.252.92.92,6391892731530915
376,Sanson,Collcutt,scollcuttaf@canalblog.com,Male,235.243.94.88,676152389589012947
377,Fleur,O'Noland,fonolandag@msu.edu,Female,129.69.101.25,5257947439843880
378,Augy,Greally,agreallyah@gravatar.com,Male,171.135.32.172,3579046103494009
379,Karly,Trusse,ktrusseai@seattletimes.com,Female,252.211.57.41,56022227825684843
380,Ellerey,Berriman,eberrimanaj@hp.com,Male,183.184.80.177,3561045392954590
381,Wendell,Beven,wbevenak@hhs.gov,Male,147.73.87.250,374283007654353
382,Winthrop,Eloy,weloyal@tinypic.com,Genderqueer,154.200.41.182,3543156987592266
383,Urson,Filewood,ufilewoodam@clickbank.net,Male,52.239.65.100,6334911270319582726
384,Ced,Paute,cpautean@sciencedirect.com,Male,5.215.66.182,3566240102689413
385,Opaline,Semorad,osemoradao@mysql.com,Female,4.234.158.16,3567257363395034
386,Blakelee,Asplen,basplenap@cocolog-nifty.com,Female,219.154.35.21,3572351184699469
387,Angus,Alner,aalneraq@amazonaws.com,Male,58.86.149.24,5610700680827496
388,Goldie,O'Glessane,goglessanear@si.edu,Female,213.105.219.17,3563667057514167
389,Lise,Caulcott,lcaulcottas@businesswire.com,Female,4.55.181.138,4844120154893851
390,Troy,Guilaem,tguilaemat@simplemachines.org,Male,191.79.22.221,3552183780011110
391,Aube,Ragsdall,aragsdallau@last.fm,Male,126.92.72.45,5100170532322400
392,Roch,Brogioni,rbrogioniav@loc.gov,Female,239.163.144.111,3564121805497084
393,Tibold,Wodeland,twodelandaw@whitehouse.gov,Male,100.144.25.90,3555720119033922
394,Clemmy,Lightewood,clightewoodax@skyrock.com,Female,252.57.14.141,3586503029910238
395,Lauritz,Dranfield,ldranfielday@slate.com,Male,65.146.110.79,5010122809846412
396,Durante,Fotheringham,dfotheringhamaz@sakura.ne.jp,Male,240.96.182.112,6370941828446470
397,Meg,Parkey,mparkeyb0@prlog.org,Female,66.47.29.80,5290913285819704
398,Ellswerth,Amer,eamerb1@mapy.cz,Male,60.96.180.231,501843893434812893
399,Gui,Rollitt,grollittb2@hibu.com,Female,197.247.224.238,490366948052574556
400,Quillan,Danielsohn,qdanielsohnb3@cafepress.com,Male,102.125.55.179,4017953328663
401,Cayla,Pawsey,cpawseyb4@ameblo.jp,Female,199.47.100.242,3572713092195346
402,Alicia,Dutteridge,adutteridgeb5@netscape.com,Female,223.121.10.179,201549068096737
403,Udale,Gridley,ugridleyb6@microsoft.com,Male,193.201.100.5,3562787032796324
404,Florance,Grimsdith,fgrimsdithb7@surveymonkey.com,Female,124.107.71.57,3572695885965003
405,Jamison,Halton,jhaltonb8@google.es,Male,225.226.15.168,4917930910821711
406,Tabbie,Cossins,tcossinsb9@wsj.com,Male,47.65.70.249,5100171992428562
407,Bone,Guslon,bguslonba@google.es,Male,58.97.197.121,30448830123720
408,Lonnard,Auletta,laulettabb@chicagotribune.com,Male,179.155.91.231,6709330010146498
409,Marty,Spilstead,mspilsteadbc@fc2.com,Female,77.182.250.79,6331105342871119692
410,Gilberto,McDoual,gmcdoualbd@fastcompany.com,Male,139.2.143.222,3585087254483930
411,Izaak,Shanklin,ishanklinbe@usatoday.com,Male,130.198.10.242,3554868951789241
412,Letizia,Duggan,ldugganbf@sbwire.com,Female,233.92.235.173,3529175104393356
413,Holly-anne,McCaster,hmccasterbg@simplemachines.org,Female,110.32.165.91,3541757997450460
414,Foster,Detoile,fdetoilebh@quantcast.com,Male,142.185.118.17,3536946690095436
415,Fidole,Edensor,fedensorbi@naver.com,Male,240.166.230.165,4936116231773735
416,Sloane,Veryard,sveryardbj@yolasite.com,Male,202.158.140.111,3586566098033125
417,Alejoa,Foucher,afoucherbk@sitemeter.com,Male,68.203.157.247,3539881673705171
418,Jemimah,Hrinchenko,jhrinchenkobl@businessweek.com,Female,226.171.194.53,5434197335970462
419,Gabbie,Johnys,gjohnysbm@dailymotion.com,Male,157.29.195.105,6761814113167036696
420,Minnaminnie,Vanyatin,mvanyatinbn@topsy.com,Female,163.215.114.105,374622383034666
421,Nick,Wentworth,nwentworthbo@pagesperso-orange.fr,Male,50.133.19.246,670982058510761638
422,Lynsey,Mayall,lmayallbp@prlog.org,Polygender,229.58.68.81,3583153535933499
423,Clemmy,Lainton,claintonbq@berkeley.edu,Non-binary,217.41.74.40,201835877149530
424,Quinton,Figiovanni,qfigiovannibr@harvard.edu,Male,255.76.131.132,5002356246763299
425,Grayce,Fayne,gfaynebs@pagesperso-orange.fr,Female,228.19.161.59,060473126743932688
426,Ardith,Sparkwell,asparkwellbt@shareasale.com,Female,204.127.150.209,30013306909810
427,Daisie,Allsep,dallsepbu@ehow.com,Female,141.156.10.172,3564807097935555
428,Gretna,Damsell,gdamsellbv@oaic.gov.au,Female,54.213.17.22,5502188613875868
429,Dario,Cicchelli,dcicchellibw@miibeian.gov.cn,Male,130.175.180.25,3570517265311594
430,Glenn,Kenen,gkenenbx@mysql.com,Female,239.58.176.129,3567029350009682
431,Melisent,Bowdler,mbowdlerby@google.com.br,Female,52.38.244.94,6304671915337979238
432,Marty,Downing,mdowningbz@sun.com,Bigender,17.91.182.255,3572183629139763
433,Wendall,Antuk,wantukc0@businessinsider.com,Male,150.44.131.241,5007664818246253
434,Keene,Bloomfield,kbloomfieldc1@furl.net,Male,40.93.92.228,5602254119441982
435,Corliss,McGonnell,cmcgonnellc2@biblegateway.com,Female,33.71.58.230,6382693602314822
436,Liza,Kneller,lknellerc3@smugmug.com,Female,46.142.127.170,3542126501712659
437,Robers,Runchman,rrunchmanc4@newyorker.com,Male,247.233.79.53,060479160685802074
438,Bing,Lowdeane,blowdeanec5@webmd.com,Male,2.181.69.87,5641822952231356
439,Anabella,Gissop,agissopc6@bandcamp.com,Female,251.58.86.196,6374065229355308
440,Hercules,Bassindale,hbassindalec7@gov.uk,Male,115.145.107.215,3556828023654748
441,Jeremie,Coule,jcoulec8@mayoclinic.com,Male,92.181.102.214,3534176005095440
442,Janela,Tolworth,jtolworthc9@biglobe.ne.jp,Female,62.130.166.26,3534158224542139
443,Alaine,Powney,apowneyca@wired.com,Female,97.3.80.157,3547236731782540
444,Jillie,Nangle,jnanglecb@list-manage.com,Female,209.170.13.210,3551267695174419
445,Carl,Elner,celnercc@about.me,Male,60.136.33.231,3566095269236055
446,Jewel,Mathon,jmathoncd@stumbleupon.com,Female,146.218.135.25,560221417172571129
447,Addison,Blose,ablosece@cisco.com,Male,70.228.34.15,3557958655463289
448,Stillman,Smithers,ssmitherscf@accuweather.com,Male,246.106.32.134,3547798730728493
449,Catlin,Birkenhead,cbirkenheadcg@yolasite.com,Female,48.163.88.165,372301507863233
450,Leonerd,Sleicht,lsleichtch@si.edu,Male,33.247.60.140,3571599204587137
451,Ester,Dockrill,edockrillci@elegantthemes.com,Female,49.243.162.163,30563234069996
452,Boyce,Rayman,braymancj@gmpg.org,Male,211.247.217.169,3529540704585463
453,Pamelina,Petran,ppetranck@wisc.edu,Female,255.91.233.110,3578196379175187
454,Bren,Daw,bdawcl@ucla.edu,Female,212.132.50.104,3558320653012981
455,Granville,Frickey,gfrickeycm@so-net.ne.jp,Male,186.207.179.208,3549234392762677
456,Karyn,Redding,kreddingcn@rambler.ru,Female,223.89.9.31,30238603281346
457,Anderea,Gomby,agombyco@economist.com,Genderqueer,119.114.53.177,6377445611843532
458,Tobey,Krol,tkrolcp@house.gov,Female,144.43.93.144,3531928798714899
459,Eileen,Porter,eportercq@pcworld.com,Female,208.117.179.237,6331105647113798
460,Eba,Boulden,ebouldencr@ft.com,Female,168.203.117.103,3575968078707939
461,Adriaens,Stolli,astollics@simplemachines.org,Female,225.145.71.186,5108754077016410
462,Dwight,Branchett,dbranchettct@slideshare.net,Male,112.198.117.125,201550595034282
463,Kaycee,McGroarty,kmcgroartycu@baidu.com,Female,247.74.229.163,6767135818129755733
464,Burk,Pidon,bpidoncv@instagram.com,Male,208.107.193.79,3574153455266566
465,Addie,Vigers,avigerscw@nba.com,Male,7.40.11.169,3538977799154525
466,Bobbie,Torrisi,btorrisicx@npr.org,Female,73.10.107.100,3563707900392963
467,Eleanora,Tuxwell,etuxwellcy@youtube.com,Female,189.180.208.236,3573672369311003
468,Charla,Duchasteau,cduchasteaucz@cam.ac.uk,Female,250.126.213.115,5602240922469690
469,Laurence,Howis,lhowisd0@godaddy.com,Male,17.195.35.31,201980916092430
470,Maximo,Fluit,mfluitd1@live.com,Genderfluid,48.100.201.26,4017959828351
471,Richardo,Ridewood,rridewoodd2@ed.gov,Male,95.156.124.90,3582673593978657
472,Susanne,Ripley,sripleyd3@alibaba.com,Female,252.53.37.197,3553707942215976
473,Norina,Sleicht,nsleichtd4@dropbox.com,Bigender,102.62.161.211,3529847000902916
474,Waldon,Whitelock,wwhitelockd5@ycombinator.com,Male,35.79.1.121,675915179693717576
475,Franny,Honywill,fhonywilld6@paginegialle.it,Female,14.22.83.129,3528469013006980
476,Janaya,Ubach,jubachd7@blogger.com,Female,189.32.142.158,5100136738685981
477,Rudiger,Poutress,rpoutressd8@narod.ru,Male,124.153.125.162,3553297300335293
478,Bentlee,Benedek,bbenedekd9@fotki.com,Non-binary,233.147.35.237,3581695957351206
479,Tedmund,Pinar,tpinarda@google.com,Male,169.95.119.183,5100138155884162
480,Stearne,Napthine,snapthinedb@stanford.edu,Male,19.80.64.247,5002356581778787
481,Christyna,Castelli,ccastellidc@bbc.co.uk,Female,36.73.54.30,3538525732353769
482,Meara,Aslett,maslettdd@un.org,Female,9.141.26.141,4917009605978878
483,Shayne,Blindermann,sblindermannde@patch.com,Male,67.128.23.180,201785340553786
484,Maryanna,Canadas,mcanadasdf@economist.com,Female,92.244.56.242,3574687044886376
485,Hyacinthie,Meedendorpe,hmeedendorpedg@mtv.com,Female,175.215.79.177,6394692137769688
486,Dame,Wyche,dwychedh@vimeo.com,Bigender,125.107.74.4,3530100689706456
487,Judah,Chinery,jchinerydi@arizona.edu,Male,214.242.61.46,30351595476004
488,Corbie,Tomsa,ctomsadj@cargocollective.com,Male,168.146.225.241,3558602187477271
489,Shayla,Sobey,ssobeydk@loc.gov,Female,104.111.248.94,6304439223292137
490,Myrtie,Bairstow,mbairstowdl@bravesites.com,Female,247.114.2.54,5602221144041368
491,Anson,Tippett,atippettdm@pen.io,Male,18.82.64.150,4026211855528647
492,Nissa,Nichol,nnicholdn@dion.ne.jp,Non-binary,114.166.118.81,3559523693637084
493,Genia,Downie,gdowniedo@qq.com,Female,164.245.127.48,3562471602249812
494,Lorry,Dewane,ldewanedp@posterous.com,Male,168.187.229.241,3574664903811522
495,Myrta,Le Brum,mlebrumdq@about.com,Female,89.28.120.4,3581746404070855
496,Durand,Edgley,dedgleydr@cnet.com,Male,44.99.228.21,4913335111929905
497,Ilyssa,Muddle,imuddleds@edublogs.org,Female,111.203.8.141,560224729696542056
498,Emilee,Plewes,eplewesdt@mtv.com,Female,251.3.115.59,5430377443518411
499,Binny,Kik,bkikdu@dedecms.com,Female,198.229.238.109,3530305112163981
500,Durand,Leftbridge,dleftbridgedv@skype.com,Male,120.237.202.179,3573887501607346
501,Dewie,Titchmarsh,dtitchmarshdw@ca.gov,Male,42.206.29.166,3583725056521140
502,Mahmoud,Izsak,mizsakdx@marketwatch.com,Male,29.219.179.162,3572141563760028
503,Lenci,Garritley,lgarritleydy@youtube.com,Male,242.45.150.198,3546975809237322
504,Millard,Bellwood,mbellwooddz@is.gd,Male,120.99.15.17,5048376135913595
505,Berk,Willson,bwillsone0@51.la,Male,20.71.60.48,3560437578342206
506,Pincas,Beckensall,pbeckensalle1@dyndns.org,Male,13.66.163.255,337941052690756
507,Udall,Moulder,umouldere2@4shared.com,Male,60.195.133.109,3542644214395109
508,Ferdy,Grisedale,fgrisedalee3@psu.edu,Male,122.178.200.59,3588302071043214
509,Alisun,Darrigone,adarrigonee4@dot.gov,Genderfluid,11.235.252.221,3568347320754875
510,Danette,Hegerty,dhegertye5@phoca.cz,Female,131.179.116.225,3555187397194190
511,Waiter,Cow,wcowe6@usgs.gov,Male,76.93.11.85,3557166190406348
512,Gregor,Starie,gstariee7@shareasale.com,Male,135.248.70.178,374568945478976
513,Edythe,Longcaster,elongcastere8@hatena.ne.jp,Female,192.155.130.247,3544018469290166
514,Donica,Tristram,dtristrame9@edublogs.org,Female,53.113.72.190,3588611556289971
515,Chrissy,Klimp,cklimpea@cbc.ca,Male,200.157.202.243,3539099269511149
516,Ashley,Covelle,acovelleeb@cnet.com,Genderqueer,169.74.182.179,374283309762623
517,Heddi,Emps,hempsec@cafepress.com,Female,60.175.86.41,3536164149378904
518,Flynn,Power,fpowered@hao123.com,Male,45.87.116.113,6334128064205333719
519,Veronique,Brigstock,vbrigstockee@vinaora.com,Female,186.75.225.155,3565184175392045
520,Benedikt,Eilhersen,beilhersenef@bbc.co.uk,Male,107.203.21.102,30492251072503
521,Ezra,Vogeller,evogellereg@51.la,Male,138.34.120.116,3554451618119829
522,Reuben,Woollaston,rwoollastoneh@tripod.com,Male,185.196.117.144,5166886123905110
523,Bert,Greeno,bgreenoei@washington.edu,Male,100.115.183.85,5108751987381090
524,Shayne,Stennings,sstenningsej@gnu.org,Male,193.198.244.145,3535572167350046
525,James,Olek,jolekek@squidoo.com,Polygender,173.17.44.50,30411177484634
526,Clemmie,Mardall,cmardallel@shinystat.com,Female,8.170.5.121,564182973025368740
527,Netty,Gerty,ngertyem@people.com.cn,Female,131.129.58.73,3531514145463552
528,Fergus,Rouff,frouffen@webs.com,Male,99.25.254.134,5108751311842486
529,Samara,Titcom,stitcomeo@rediff.com,Female,186.154.132.195,4913137464399540
530,Ralf,Revance,rrevanceep@a8.net,Male,228.132.112.147,3534146834380693
531,Nona,Pirdue,npirdueeq@vkontakte.ru,Female,94.202.193.171,3576267154937133
532,Cleon,Beathem,cbeathemer@goo.ne.jp,Male,87.32.111.144,30588891033498
533,Sayre,Forstall,sforstalles@mediafire.com,Non-binary,103.146.164.205,3560013092655330
534,Erna,Lampel,elampelet@devhub.com,Female,94.70.45.114,6392348672813827
535,Denver,Mattedi,dmattedieu@delicious.com,Male,130.225.106.93,3582166811001709
536,Berrie,Cuckoo,bcuckooev@bigcartel.com,Female,31.44.247.174,4917146802748397
537,Wrennie,Frain,wfrainew@cocolog-nifty.com,Female,4.207.7.45,201680226708093
538,Ellwood,Lowmass,elowmassex@time.com,Male,34.23.238.162,3545475216160812
539,Charo,Townrow,ctownrowey@statcounter.com,Female,92.148.186.2,4175002648377833
540,Nobie,Doreward,ndorewardez@parallels.com,Male,3.35.59.75,201482068779963
541,Vyky,Puttnam,vputtnamf0@sitemeter.com,Female,223.219.156.237,3531250993449852
542,Mariejeanne,Mincher,mmincherf1@stanford.edu,Female,172.212.89.130,3570749063787911
543,Coletta,Sandham,csandhamf2@statcounter.com,Female,210.113.120.99,201421392469735
544,Georgia,Pengilly,gpengillyf3@cyberchimps.com,Female,220.37.157.49,5108757727355500
545,Shelton,Lemmer,slemmerf4@nymag.com,Male,21.148.22.102,5362570385537801
546,Cathy,Beston,cbestonf5@free.fr,Female,236.121.45.216,676769632603654334
547,Ax,Whyman,awhymanf6@bbb.org,Male,180.213.227.51,30126156381912
548,Lou,Drakeley,ldrakeleyf7@baidu.com,Male,84.177.107.26,6761428121819432054
549,Krista,Wheatley,kwheatleyf8@live.com,Female,92.239.186.201,3543368008820333
550,Katerina,Creffeild,kcreffeildf9@businesswire.com,Female,252.119.104.55,3576043439218593
551,Darren,Guterson,dgutersonfa@answers.com,Male,60.14.134.235,56022525037936319
552,Helga,Clerc,hclercfb@msn.com,Agender,188.17.146.87,3553452127438339
553,Heath,McMoyer,hmcmoyerfc@google.com,Male,10.24.30.134,67066798621075547
554,Gaspard,Reuter,greuterfd@themeforest.net,Male,244.205.62.0,3561376248382979
555,Darice,Felder,dfelderfe@com.com,Female,147.38.1.154,3557836368676407
556,Wainwright,Pople,wpopleff@baidu.com,Male,117.113.49.24,6767217054099060687
557,Niall,Vigurs,nvigursfg@chronoengine.com,Non-binary,160.64.107.199,30434545429149
558,Cassie,Lippiett,clippiettfh@theatlantic.com,Female,44.170.66.16,3578422273116444
559,Cirilo,Doerffer,cdoerfferfi@mit.edu,Male,135.209.83.178,3549476618002020
560,Morgan,Maylour,mmaylourfj@issuu.com,Male,176.41.219.52,5107055890309359
561,Nariko,Nother,nnotherfk@state.tx.us,Female,216.254.70.192,4017954772926292
562,Joellyn,Nigh,jnighfl@chron.com,Female,54.161.81.3,3528050288062724
563,Ninnetta,Lissett,nlissettfm@ox.ac.uk,Female,46.143.196.235,374288188813868
564,Berkeley,Roxburch,broxburchfn@pen.io,Male,25.154.54.120,4017955990478
565,Hilary,Soro,hsorofo@imageshack.us,Male,84.243.9.71,3554826779257767
566,Loretta,Garden,lgardenfp@state.tx.us,Female,209.172.152.196,30061815039207
567,Lynnell,Dziwisz,ldziwiszfq@trellian.com,Female,82.29.134.232,5410724095995625
568,Golda,Curley,gcurleyfr@myspace.com,Female,40.33.91.1,3545184964091175
569,Klara,Howship,khowshipfs@aol.com,Female,177.6.66.217,3585221802126259
570,Letisha,Nockolds,lnockoldsft@php.net,Female,85.212.112.203,201590537560275
571,Chad,Lamp,clampfu@cyberchimps.com,Female,190.77.7.111,201947459741392
572,Archer,Kibblewhite,akibblewhitefv@wiley.com,Male,59.130.41.25,4917770838836031
573,Shirl,Hasnney,shasnneyfw@fc2.com,Female,114.128.195.120,3586275483736041
574,Letizia,Colwell,lcolwellfx@facebook.com,Female,54.11.139.197,5048371599882394
575,Roby,Bonett,rbonettfy@gmpg.org,Female,231.183.5.252,3549036857611061
576,Madella,Treamayne,mtreamaynefz@disqus.com,Female,110.92.216.217,4041591045613925
577,Corinne,Cordero,ccorderog0@nifty.com,Female,125.150.238.168,374288600325111
578,Ludvig,Le Galle,llegalleg1@phoca.cz,Male,218.15.94.170,4026442691718197
579,Solly,Westmore,swestmoreg2@macromedia.com,Male,72.175.176.20,36540406673106
580,Chane,Philott,cphilottg3@soup.io,Male,104.227.164.68,5010120351496065
581,Dreddy,Peppard,dpeppardg4@netlog.com,Female,25.213.182.117,5602234153933383
582,Rosaleen,Waddilove,rwaddiloveg5@scientificamerican.com,Female,254.169.15.111,3581256119130861
583,Marvin,Jenoure,mjenoureg6@squidoo.com,Male,125.53.145.97,3537336638665483
584,Gwendolen,McKane,gmckaneg7@sphinn.com,Female,55.91.45.165,3569378726259762
585,Kennith,Piwall,kpiwallg8@cpanel.net,Male,28.154.138.71,340664880878816
586,Flo,Longhorne,flonghorneg9@netvibes.com,Female,3.188.120.199,3550163222138327
587,Gerri,Halfacree,ghalfacreega@bizjournals.com,Male,111.85.60.214,3569475096183703
588,Lise,Gircke,lgirckegb@bravesites.com,Agender,64.197.59.239,4917541851168523
589,Clementine,Ockendon,cockendongc@nature.com,Female,66.55.111.74,201436258622771
590,Gearard,Takle,gtaklegd@cmu.edu,Male,127.14.209.15,5007665721752774
591,Consuelo,Toombs,ctoombsge@artisteer.com,Genderfluid,195.88.243.8,3579534559457695
592,Matty,Hise,mhisegf@homestead.com,Male,227.34.115.197,5602214541052377
593,Sabine,Lewton,slewtongg@sciencedirect.com,Female,54.53.23.255,3544511239443586
594,Viole,Mehaffey,vmehaffeygh@cargocollective.com,Female,4.112.28.43,337941944680130
595,Harriette,Townley,htownleygi@sun.com,Female,144.252.49.132,5602222872640355
596,Lucais,Ewell,lewellgj@icq.com,Male,94.93.207.53,3562742887371400
597,Andreana,Ivers,aiversgk@flickr.com,Female,222.88.27.213,6759194528017628
598,Skyler,Fritchly,sfritchlygl@wordpress.com,Male,128.201.137.159,4911675166724806
599,Graig,Poulton,gpoultongm@woothemes.com,Male,182.147.130.222,5565710009419607
600,Cesaro,Hurdman,churdmangn@hibu.com,Male,125.12.220.95,3558234524341828
601,Lazar,Isacq,lisacqgo@google.pl,Male,207.217.157.128,3589916339191686
602,Jeremy,Kettley,jkettleygp@vistaprint.com,Male,183.166.225.194,3559466915526109
603,Krispin,Idale,kidalegq@plala.or.jp,Male,248.60.99.29,341783016298688
604,Gannie,Jachimiak,gjachimiakgr@answers.com,Male,211.10.238.136,3559048947226963
605,Gertrud,Robjents,grobjentsgs@dyndns.org,Female,69.12.110.157,3575618170163404
606,Arlan,Highwood,ahighwoodgt@unblog.fr,Male,233.26.149.181,4628426388298
607,Tanner,Fern,tferngu@devhub.com,Genderfluid,19.124.25.89,5602243820773023
608,Cletus,d' Eye,cdeyegv@yellowbook.com,Male,108.232.56.59,5108755359520870
609,Mozelle,Sukbhans,msukbhansgw@constantcontact.com,Female,124.226.212.126,3581023537224449
610,Shauna,Hewkin,shewkingx@wordpress.org,Female,1.45.9.159,3529116532509619
611,Elberta,Savell,esavellgy@theatlantic.com,Female,160.223.58.183,4405003048558768
612,Gerald,O'Grada,gogradagz@telegraph.co.uk,Bigender,107.235.29.245,5541447029023049
613,Dru,Dan,ddanh0@networksolutions.com,Male,53.9.63.114,3554511262093560
614,Cherri,Wormald,cwormaldh1@berkeley.edu,Female,143.40.209.246,5002350892299823
615,Michaella,Lasham,mlashamh2@engadget.com,Female,167.105.154.121,3560943487726835
616,Troy,Fane,tfaneh3@mayoclinic.com,Male,134.164.115.119,6333229440123058531
617,Keely,Ings,kingsh4@mit.edu,Female,194.47.82.10,6759591806721198604
618,Cleavland,Mallabone,cmallaboneh5@nasa.gov,Male,114.201.236.1,3574232546730523
619,Ginevra,Niblett,gnibletth6@topsy.com,Female,154.156.27.99,3575122525993656
620,Delano,Hefferan,dhefferanh7@reuters.com,Male,5.172.69.203,5002358563847218
621,Stuart,Calken,scalkenh8@noaa.gov,Male,251.220.206.231,5517125798972311
622,Jerald,Sanday,jsandayh9@samsung.com,Male,83.194.169.18,30038752501712
623,Valerye,Barz,vbarzha@canalblog.com,Female,44.98.28.195,5610266224083608
624,Olivier,Edmett,oedmetthb@4shared.com,Male,92.154.254.224,6334771349341099
625,Dinnie,Pomeroy,dpomeroyhc@chronoengine.com,Genderqueer,207.235.100.89,4175003884489688
626,Dimitri,Clynmans,dclynmanshd@yellowbook.com,Non-binary,67.234.82.37,633110644110771490
627,Jerri,Richens,jrichenshe@mozilla.com,Male,134.233.35.228,3568793643396482
628,Gabriela,Zottoli,gzottolihf@sakura.ne.jp,Female,71.150.40.52,63044726219551443
629,Veronique,Danzig,vdanzighg@usatoday.com,Female,249.166.113.19,5602210549972780
630,Benedict,Costelow,bcostelowhh@blogtalkradio.com,Male,14.5.118.179,5020176265069164
631,Murielle,Storck,mstorckhi@furl.net,Female,224.29.17.93,201558949300309
632,Kenna,Eckly,kecklyhj@moonfruit.com,Female,9.174.217.99,5893343138026734662
633,Chlo,Pidgeon,cpidgeonhk@live.com,Female,212.135.197.137,3535636337668536
634,Carree,Turford,cturfordhl@springer.com,Female,90.90.247.247,3545557055277045
635,Tilda,Camilleri,tcamillerihm@marketwatch.com,Female,198.14.167.48,3555104234960535
636,Cesya,Trudgeon,ctrudgeonhn@gov.uk,Female,83.104.184.92,3549772116298858
637,Margarethe,Ingham,minghamho@hibu.com,Female,6.237.252.79,3556698310776318
638,Idell,O'Garmen,iogarmenhp@shinystat.com,Female,10.192.218.1,3560696540696268
639,Nora,Jeandin,njeandinhq@51.la,Female,111.191.45.184,3572996106751648
640,Bunni,Sine,bsinehr@i2i.jp,Female,19.143.217.136,3571367385737867
641,Christopher,Mapowder,cmapowderhs@devhub.com,Male,70.148.229.224,5602216587437107
642,Nelie,Koeppe,nkoeppeht@webnode.com,Agender,30.40.88.35,375883055622357
643,Shalna,Bickell,sbickellhu@lulu.com,Female,87.60.232.106,5100131271182132
644,Westbrooke,Clewes,wcleweshv@wordpress.org,Male,245.126.38.141,3531933048476760
645,Blanca,MacCarter,bmaccarterhw@mac.com,Female,210.241.190.220,3556880501686601
646,Jacky,Barenskie,jbarenskiehx@washington.edu,Male,67.130.98.220,3537421584667210
647,Clem,Boulton,cboultonhy@va.gov,Male,231.125.106.223,30451658812564
648,Drusie,Klimp,dklimphz@purevolume.com,Female,199.104.62.139,3569494967458375
649,Colene,McConaghy,cmcconaghyi0@apple.com,Agender,186.51.140.151,3564756255168568
650,Brunhilde,Wedlock,bwedlocki1@nytimes.com,Female,85.163.111.79,3546103649325799
651,Tailor,Ramm,trammi2@oaic.gov.au,Male,42.181.45.39,201658238966941
652,Faunie,McAirt,fmcairti3@accuweather.com,Female,97.117.176.3,5002354421065002
653,Fayre,Maccaddie,fmaccaddiei4@istockphoto.com,Female,33.35.243.132,3541948527251417
654,Brandy,Liebrecht,bliebrechti5@miitbeian.gov.cn,Female,75.188.58.65,3543396537879405
655,Annecorinne,Le Breton De La Vieuville,alebretondelavieuvillei6@npr.org,Female,118.104.253.158,4026437284060718
656,Stephannie,Morrall,smorralli7@acquirethisname.com,Female,27.199.92.1,36928160621116
657,Maxie,Andrassy,mandrassyi8@hao123.com,Male,170.75.49.193,3581338873386564
658,Micah,Poxon,mpoxoni9@blogtalkradio.com,Male,203.104.98.182,4936707354835366
659,Ogden,McGarry,omcgarryia@mozilla.com,Male,100.93.183.90,6334653751365271746
660,Kellby,Draper,kdraperib@yellowpages.com,Male,212.119.21.185,6304059804813175127
661,Meridith,Eskrigg,meskriggic@creativecommons.org,Female,225.240.247.174,374622306225623
662,Ingunna,Trobe,itrobeid@list-manage.com,Female,213.34.182.141,3573639574839029
663,Helaine,Sliney,hslineyie@fda.gov,Female,152.108.173.84,30148925830581
664,Olag,Liggens,oliggensif@utexas.edu,Male,75.129.253.26,6334376274781333
665,Jack,Iglesia,jiglesiaig@dagondesign.com,Male,40.21.178.251,3546923916632894
666,Nikki,Kenforth,nkenforthih@stanford.edu,Female,60.179.244.233,5200517283868115
667,Eddie,Thomassin,ethomassinii@psu.edu,Female,147.46.219.101,3543497088262833
668,Austina,Nel,anelij@google.com.hk,Female,71.85.246.158,5602216748282822
669,Shadow,Benz,sbenzik@thetimes.co.uk,Male,0.81.89.18,4917197551496746
670,Waylen,Ramelet,wrameletil@plala.or.jp,Male,173.198.232.174,3580037250152919
671,Ferd,Repper,frepperim@topsy.com,Male,42.16.237.254,3573803175025657
672,Donnie,Croutear,dcroutearin@telegraph.co.uk,Male,70.69.239.202,3561368800881936
673,Jared,Beuscher,jbeuscherio@bloglines.com,Male,154.79.161.78,6767255791603921
674,Andrej,Schachter,aschachterip@hhs.gov,Male,186.172.114.199,3571667735677014
675,Chrysler,Vautre,cvautreiq@cyberchimps.com,Female,94.126.165.162,3557918885299929
676,Natala,Pepye,npepyeir@skyrock.com,Female,41.252.25.86,3578512657651485
677,Dominique,Simonot,dsimonotis@netvibes.com,Female,75.225.142.51,5893291020330134
678,Pedro,Quartermaine,pquartermaineit@weather.com,Male,152.88.162.81,06040308245389388
679,Noland,Inglefield,ninglefieldiu@wikimedia.org,Male,19.189.19.190,3583695104158957
680,Ingamar,Cuniffe,icuniffeiv@domainmarket.com,Male,220.77.107.148,5641825061688499301
681,Johannah,Wellbeloved,jwellbelovediw@tumblr.com,Female,251.78.134.155,3530927327715147
682,Marcellus,Baitson,mbaitsonix@irs.gov,Male,230.107.243.242,3556377013470236
683,Edd,Carayol,ecarayoliy@bandcamp.com,Male,2.183.216.194,5592954629536146
684,Lucas,Amoss,lamossiz@senate.gov,Male,36.186.159.143,56022555357187425
685,Aili,Livoir,alivoirj0@bbc.co.uk,Female,3.211.107.54,3532321590816279
686,Erin,McKelvie,emckelviej1@pagesperso-orange.fr,Male,75.59.163.105,201511218801705
687,Tatiania,Challender,tchallenderj2@sitemeter.com,Female,15.123.11.177,67592536665439192
688,Phyllis,Wallentin,pwallentinj3@paginegialle.it,Female,249.111.218.197,4041374720449
689,Baird,Hourihane,bhourihanej4@dyndns.org,Male,223.184.186.214,3541393559779425
690,Zebulen,Keene,zkeenej5@nbcnews.com,Male,128.154.137.208,30136856024084
691,Jillene,Atchly,jatchlyj6@bigcartel.com,Female,229.41.218.103,4017959422851717
692,Skipp,Mityushkin,smityushkinj7@delicious.com,Male,66.187.187.63,3588691322175498
693,Dall,Scardefield,dscardefieldj8@thetimes.co.uk,Male,41.219.126.86,4913469043080675
694,Zacharias,Elwell,zelwellj9@geocities.com,Male,247.103.81.144,6393329594509494
695,Paulette,Rozzell,prozzellja@dedecms.com,Female,105.90.154.210,36431457300247
696,Harlie,Littefair,hlittefairjb@wired.com,Female,161.151.34.5,30159403902123
697,Garrott,Duncklee,gdunckleejc@yellowbook.com,Male,186.107.89.48,5100179513678458
698,Percy,Bliven,pblivenjd@yandex.ru,Male,191.231.89.186,5602241656956100
699,Fonzie,Beeken,fbeekenje@sciencedaily.com,Polygender,167.153.135.234,201954122642320
700,Kincaid,Coxhell,kcoxhelljf@toplist.cz,Male,11.38.228.154,3552648001264458
701,Aleda,Shillaker,ashillakerjg@noaa.gov,Female,2.209.162.20,5602259906152317552
702,Gennie,Shacklady,gshackladyjh@pagesperso-orange.fr,Female,248.201.27.112,4903940814885166643
703,Ellynn,Levermore,elevermoreji@moonfruit.com,Female,179.255.251.218,4026104680520717
704,Parker,Kmiec,pkmiecjj@bizjournals.com,Male,145.85.205.0,201401970709280
705,Babara,Ballinger,bballingerjk@xinhuanet.com,Female,240.126.48.207,5602236298549172
706,Colene,Ellams,cellamsjl@house.gov,Female,127.221.7.116,4041371827830314
707,Charlie,Baud,cbaudjm@plala.or.jp,Male,113.42.6.254,4026964596340520
708,Borden,Joslin,bjoslinjn@msu.edu,Male,99.215.192.30,560225241514794066
709,Guthry,Tresler,gtreslerjo@clickbank.net,Male,119.37.165.108,3542198567027397
710,Fiann,Gyurko,fgyurkojp@bluehost.com,Female,116.36.124.51,6375214694866568
711,Armin,Barlas,abarlasjq@diigo.com,Genderqueer,185.236.55.204,3583911804520390
712,Dasie,Lapthorne,dlapthornejr@youtube.com,Female,250.191.198.228,3575869461354463
713,Veronika,Londer,vlonderjs@mapy.cz,Female,225.209.67.145,3569574360729215
714,Field,Mattke,fmattkejt@slideshare.net,Male,82.86.70.41,5514474984417092
715,Ray,Duckerin,rduckerinju@cdbaby.com,Male,83.153.148.201,3569291254558390
716,Dorolisa,Hansard,dhansardjv@newyorker.com,Female,181.127.159.139,5010126961543121
717,Olympie,Chastanet,ochastanetjw@illinois.edu,Female,64.233.155.108,5610596292100284
718,Olivette,Littler,olittlerjx@omniture.com,Female,108.69.142.233,3536862167634054
719,Opalina,Cessford,ocessfordjy@aboutads.info,Female,85.55.245.174,201919805526231
720,Tuesday,Lindsell,tlindselljz@guardian.co.uk,Female,25.65.81.254,6304015359029525
721,Ernesto,Dirkin,edirkink0@uol.com.br,Male,215.155.215.115,63047693987968943
722,Bjorn,Hanbury,bhanburyk1@umich.edu,Male,43.71.195.32,5452365347010331
723,Harriet,Wohler,hwohlerk2@springer.com,Female,240.115.93.227,3568248460580106
724,Ricoriki,Ellicock,rellicockk3@dot.gov,Male,75.69.232.27,3569759125876613
725,Rowney,Issacov,rissacovk4@so-net.ne.jp,Male,249.200.253.183,3587522792468595
726,Corbett,Tuffell,ctuffellk5@wp.com,Male,89.116.38.138,3536222913048556
727,Mischa,Ludvigsen,mludvigsenk6@princeton.edu,Male,149.131.88.190,3538329432714887
728,Pren,Kimble,pkimblek7@admin.ch,Male,67.82.16.57,3569652723532466
729,Wylma,Moreinu,wmoreinuk8@godaddy.com,Female,57.200.126.91,5893979617705358100
730,Cathy,Leyborne,cleybornek9@i2i.jp,Female,201.122.81.169,3532784536943285
731,Temp,Prop,tpropka@liveinternet.ru,Male,151.225.110.249,3549835473400712
732,Birch,Daft,bdaftkb@weebly.com,Male,73.178.194.55,374288673095443
733,Vincent,Hutable,vhutablekc@ucsd.edu,Male,16.124.183.90,3567269957227424
734,Si,Bendin,sbendinkd@washington.edu,Male,48.24.102.47,5020440358358125253
735,Braden,Solloway,bsollowayke@nymag.com,Male,154.255.147.22,6304992039378847
736,Corina,Haugg,chauggkf@prnewswire.com,Female,220.84.170.156,30378163514791
737,Melitta,Lynch,mlynchkg@japanpost.jp,Female,123.212.10.91,3573390771509706
738,Junie,Digance,jdigancekh@blogs.com,Female,207.14.183.159,3573715926424502
739,Lorelle,Neaverson,lneaversonki@theglobeandmail.com,Female,207.155.137.73,4844914435890391
740,Lina,Cobbald,lcobbaldkj@google.com,Female,172.105.194.158,3575250253969919
741,Stefano,Gouth,sgouthkk@springer.com,Male,214.119.164.105,6761855065486701717
742,Maribel,Fidoe,mfidoekl@behance.net,Female,218.184.122.129,3551457966003773
743,Conan,Bille,cbillekm@vimeo.com,Male,209.21.250.114,3566958741264419
744,Jose,Medler,jmedlerkn@slideshare.net,Male,125.230.5.1,5893956475838761
745,Erasmus,Hamsley,ehamsleyko@vk.com,Genderqueer,61.227.78.142,3542879950535258
746,Betta,Strangeway,bstrangewaykp@opensource.org,Female,211.7.56.182,5541877143180509
747,Sheree,Elcott,selcottkq@google.com,Female,74.123.19.73,3588002290467836
748,Quinlan,Moreing,qmoreingkr@slate.com,Male,155.102.195.123,63043211364206011
749,Maurie,Riha,mrihaks@youtu.be,Male,188.130.125.164,5610178897854951
750,Arri,Erskine,aerskinekt@nature.com,Male,235.78.45.205,3558194024408958
751,Koren,Shewry,kshewryku@shop-pro.jp,Female,83.147.71.209,5602238944396750
752,Bennie,Huggen,bhuggenkv@t-online.de,Female,158.53.238.155,337941860107753
753,Kailey,Stubley,kstubleykw@ehow.com,Female,165.3.111.232,372301835475841
754,Lenard,Neil,lneilkx@theglobeandmail.com,Male,150.93.183.68,56109553370156747
755,Maitilde,Wolfer,mwolferky@xinhuanet.com,Female,230.37.253.244,3558420939066296
756,Bernelle,Klewi,bklewikz@behance.net,Female,238.197.20.254,5602212237749348
757,Glynis,Ure,gurel0@home.pl,Female,112.228.70.244,50384636755443860
758,Lola,Wisher,lwisherl1@51.la,Female,117.214.115.191,5450607419409475
759,Nicola,Stendall,nstendalll2@technorati.com,Male,210.130.28.253,3577919109434892
760,Carmita,Isaksson,cisakssonl3@businessweek.com,Female,214.205.223.248,5533458262950111
761,Heath,Tenant,htenantl4@sakura.ne.jp,Female,23.5.46.1,4844967336237765
762,Mariejeanne,Broadberrie,mbroadberriel5@barnesandnoble.com,Female,1.237.103.102,490347452570869287
763,Penelopa,Earwaker,pearwakerl6@sciencedirect.com,Female,138.161.55.64,3576585366766432
764,Amandi,Marion,amarionl7@bbc.co.uk,Female,94.206.171.126,3541070575027829
765,Herold,Ben,hbenl8@huffingtonpost.com,Male,21.120.151.106,3559627651974809
766,Juanita,Broxap,jbroxapl9@seesaa.net,Female,232.61.133.208,3544682564623124
767,Ava,Cammacke,acammackela@mediafire.com,Female,221.85.121.134,4026412135733037
768,Rabi,Wodham,rwodhamlb@mediafire.com,Non-binary,95.19.222.84,341103997652524
769,Marcel,Antao,mantaolc@imageshack.us,Male,55.78.23.12,372956617131613
770,Maud,Cranefield,mcranefieldld@privacy.gov.au,Female,103.94.99.216,5100173536947032
771,Anthia,Hearsey,ahearseyle@apache.org,Female,82.188.250.199,4175005203976899
772,Junia,Hugonnet,jhugonnetlf@csmonitor.com,Female,95.86.65.55,4903674260923709048
773,Thorny,De la Yglesia,tdelayglesialg@phoca.cz,Male,186.89.185.234,6334005075515810
774,Milo,Shakshaft,mshakshaftlh@webs.com,Bigender,122.166.141.221,493639223777330220
775,Niki,Caudrelier,ncaudrelierli@jiathis.com,Male,252.149.184.9,630442264122930771
776,Powell,Lindro,plindrolj@adobe.com,Male,189.165.3.186,630427894150901135
777,Mahala,Gaither,mgaitherlk@storify.com,Female,51.148.89.36,630486838398130799
778,Esmaria,Capelow,ecapelowll@pen.io,Female,156.45.210.250,5602231381340381
779,Christiano,Crecy,ccrecylm@sakura.ne.jp,Male,21.194.184.6,3551374945806590
780,Montague,Harmant,mharmantln@senate.gov,Male,101.188.134.249,5521344141410218
781,Mora,Lear,mlearlo@walmart.com,Female,226.2.183.204,5444663579010883
782,Galven,Lidgate,glidgatelp@nsw.gov.au,Male,141.68.193.165,5602258421524635617
783,Dannie,Grigorescu,dgrigoresculq@oaic.gov.au,Female,28.112.13.183,3587999432357778
784,Verena,MacGowing,vmacgowinglr@opensource.org,Agender,122.218.99.221,30565791974872
785,Tucky,Baldelli,tbaldellils@domainmarket.com,Male,3.36.90.231,5149679764072528
786,Clem,Scandrick,cscandricklt@de.vu,Male,254.82.194.82,3567991833569022
787,Walton,Eicke,weickelu@google.ca,Agender,43.249.96.34,50187562284071593
788,Faith,Linklet,flinkletlv@geocities.com,Female,147.215.21.124,5602220441277212
789,Gaston,Latek,glateklw@github.com,Male,27.201.219.249,5007669882527546
790,Zilvia,Renihan,zrenihanlx@theatlantic.com,Female,3.167.79.156,30076526200740
791,Allene,Chatterton,achattertonly@goo.gl,Female,175.93.233.32,3567683727141907
792,Beaufort,Freiberg,bfreiberglz@csmonitor.com,Genderfluid,81.238.74.10,3561116167737054
793,Beale,Leathley,bleathleym0@technorati.com,Male,249.36.90.2,3558975949063385
794,Jacquelin,Romera,jromeram1@vk.com,Genderfluid,48.234.230.173,560224058102735686
795,Creigh,Ellcock,cellcockm2@wp.com,Genderfluid,245.115.58.15,30237560305585
796,Richmound,Mandrake,rmandrakem3@phoca.cz,Male,88.185.104.110,6396654173166664
797,Sande,Vellacott,svellacottm4@jiathis.com,Genderqueer,72.78.63.59,4903545781029412
798,Consuelo,Queenborough,cqueenboroughm5@photobucket.com,Female,138.171.215.182,6763161553842177743
799,Onida,Lowles,olowlesm6@blogtalkradio.com,Female,50.225.120.3,3549197507742993
800,Tabbitha,Letrange,tletrangem7@hexun.com,Female,29.1.126.99,3574540181875506
801,Georgia,Dawber,gdawberm8@census.gov,Genderfluid,77.15.140.221,375888861686355
802,Tamiko,Round,troundm9@globo.com,Female,11.84.118.213,5602249507868739
803,Felicdad,Durrance,fdurrancema@webs.com,Female,245.5.13.178,670601892032842521
804,Bil,Summerlie,bsummerliemb@opera.com,Male,80.212.45.159,5602223618997968
805,Abel,Alliston,aallistonmc@networksolutions.com,Male,73.225.78.180,6759022395891165
806,Iolanthe,Wileman,iwilemanmd@usnews.com,Female,254.94.114.125,3541158383032550
807,Cordelie,Dantesia,cdantesiame@fc2.com,Female,130.135.131.194,5195543697670134
808,Tucky,Lincoln,tlincolnmf@tiny.cc,Male,212.157.22.63,3543416868275245
809,Hali,Winston,hwinstonmg@sun.com,Female,155.146.205.65,56022133300143752
810,Zorine,Bedells,zbedellsmh@msu.edu,Female,242.218.85.229,3579615143197796
811,Stacy,Debrett,sdebrettmi@privacy.gov.au,Female,241.229.185.135,676169351088378634
812,Cassi,Wedderburn,cwedderburnmj@google.ru,Female,5.30.124.139,5018310308643883
813,Jerome,Dyott,jdyottmk@bizjournals.com,Male,82.78.253.86,6759610463664579
814,Martin,Giovanardi,mgiovanardiml@spotify.com,Male,219.160.3.224,5641820378689330
815,Raye,Cheater,rcheatermm@hubpages.com,Female,13.87.190.61,5893835127472213
816,Leighton,Ricardou,lricardoumn@nih.gov,Male,239.136.217.1,3551014689735411
817,Vasili,Cargo,vcargomo@china.com.cn,Male,118.101.54.126,3563608828044233
818,Ephraim,Lepard,elepardmp@who.int,Agender,99.241.166.1,5602257033578248394
819,Idalina,Nottle,inottlemq@arstechnica.com,Female,189.195.102.163,3535546863501300
820,Aubrey,Geockle,ageocklemr@census.gov,Male,146.126.242.6,3587868946712655
821,Lissa,Gillmore,lgillmorems@samsung.com,Female,47.82.232.158,4911136424046540
822,Shelley,Beauchamp,sbeauchampmt@amazon.com,Female,235.72.126.253,56022406344655597
823,Jsandye,MacRanald,jmacranaldmu@sakura.ne.jp,Female,83.40.151.86,6333704311906863
824,Jeana,Fatkin,jfatkinmv@barnesandnoble.com,Female,182.205.149.36,3547558091180696
825,Farly,Crofthwaite,fcrofthwaitemw@amazon.de,Bigender,62.250.62.68,676784591002564455
826,Johnny,Baty,jbatymx@census.gov,Male,36.136.36.209,3541657323148756
827,Meade,Chicotti,mchicottimy@goo.gl,Male,207.130.203.212,3559143945171053
828,Hertha,McDougald,hmcdougaldmz@ucoz.ru,Female,216.53.9.247,3581604597934470
829,Auria,Ludewig,aludewign0@pinterest.com,Female,229.203.102.191,3579982260042316
830,Nial,Goodright,ngoodrightn1@dailymail.co.uk,Male,129.127.153.114,4903718873476193
831,Ruthie,Heliet,rhelietn2@phoca.cz,Female,243.106.86.189,3541668604810063
832,Kaitlynn,Drinkale,kdrinkalen3@51.la,Female,208.180.10.164,3543895601481204
833,Niel,Hennington,nhenningtonn4@vkontakte.ru,Male,190.236.242.14,3541918398268683
834,Edgardo,Morteo,emorteon5@army.mil,Male,180.48.26.45,3550650967543398
835,Birch,Geaves,bgeavesn6@typepad.com,Genderqueer,223.0.139.180,4844445653764968
836,Gill,Szymczyk,gszymczykn7@wunderground.com,Non-binary,49.151.242.29,3534693342683860
837,Cheston,Giannasi,cgiannasin8@about.com,Male,170.62.254.37,4903409732990331
838,Kaiser,Mathis,kmathisn9@mashable.com,Male,7.34.241.114,6377453654920266
839,Nell,Dabes,ndabesna@qq.com,Female,30.116.105.118,378602430283553
840,Helen,Clamp,hclampnb@baidu.com,Female,106.204.172.184,3581554619676106
841,Ira,Truder,itrudernc@scientificamerican.com,Male,85.152.78.60,3580392063969631
842,Fleurette,Vedenichev,fvedenichevnd@cbsnews.com,Female,94.191.124.214,4913229336884872
843,Clay,Parzis,cparzisne@csmonitor.com,Male,25.222.15.61,30059603445347
844,Annabal,Fitzer,afitzernf@apache.org,Female,154.154.6.216,374622179925374
845,Dusty,De Biaggi,ddebiagging@discuz.net,Female,59.102.178.67,4314782753629
846,Dorothee,Polotti,dpolottinh@elegantthemes.com,Female,66.87.91.17,3572021546133628
847,Broderic,Kitchiner,bkitchinerni@discovery.com,Male,42.100.77.118,3543455073068417
848,Andriette,Seiler,aseilernj@arizona.edu,Female,25.223.84.241,5100148017481024
849,Virge,Fobidge,vfobidgenk@ucla.edu,Male,140.53.87.251,3559122878028365
850,Benedict,Cereceres,bcereceresnl@europa.eu,Male,28.62.120.125,3572041361704857
851,Babbie,MacGillacolm,bmacgillacolmnm@telegraph.co.uk,Female,65.226.235.131,630468356096587808
852,Elicia,Tourmell,etourmellnn@ning.com,Female,115.175.242.35,633110398853679333
853,Julietta,McQuilty,jmcquiltyno@webeden.co.uk,Female,19.116.4.67,3532866043159685
854,Nolana,Brownsell,nbrownsellnp@cbsnews.com,Female,78.185.123.229,3589162339686249
855,Torrance,Selbie,tselbienq@cnn.com,Male,46.123.202.125,3565284687958232
856,Yard,Tomczak,ytomczaknr@mapy.cz,Male,79.144.206.239,3564863159354763
857,Sharona,Sharper,ssharperns@drupal.org,Female,180.148.16.127,5108756793386548
858,Jaquenetta,Carnall,jcarnallnt@who.int,Female,78.22.113.237,4905322326055783290
859,Ebba,Enderle,eenderlenu@auda.org.au,Female,66.76.101.189,201718191415409
860,Pegeen,Millgate,pmillgatenv@answers.com,Female,84.155.102.207,630435599924489305
861,Salvador,Willford,swillfordnw@amazon.co.jp,Male,193.221.41.151,201526295601224
862,Dorice,Cotte,dcottenx@list-manage.com,Female,132.4.238.50,58939840213670220
863,Augusta,Issacov,aissacovny@ucoz.com,Female,178.159.246.52,4508379453128131
864,Hakim,Manns,hmannsnz@archive.org,Male,67.70.155.247,3584586209427067
865,Natal,Kynvin,nkynvino0@google.co.uk,Male,6.13.7.94,3543554110760679
866,Mattie,Trusler,mtruslero1@mail.ru,Male,163.121.76.246,589321100138388717
867,Max,Eaglestone,meaglestoneo2@census.gov,Male,8.181.177.101,374288200564259
868,Harlen,Schachter,hschachtero3@phpbb.com,Male,136.0.94.253,5602217380679945686
869,Kerry,Broadnicke,kbroadnickeo4@cnbc.com,Male,8.133.209.162,30216266855150
870,Gabi,Hattam,ghattamo5@adobe.com,Male,62.225.172.238,589367292749560878
871,Bennett,Scatchar,bscatcharo6@spiegel.de,Male,114.158.208.19,5002352848837433
872,Avigdor,Shergold,ashergoldo7@wiley.com,Male,76.116.187.222,4917344148333723
873,Charmaine,Littlekit,clittlekito8@about.me,Female,171.30.231.15,56022355352730851
874,Renaud,Benettini,rbenettinio9@newsvine.com,Male,28.159.116.167,3581749172625744
875,Nev,Ibbett,nibbettoa@hhs.gov,Male,187.210.51.104,3587160286768053
876,Jess,Gerardeaux,jgerardeauxob@elegantthemes.com,Male,212.55.235.143,3555137632052398
877,Robbert,Stobie,rstobieoc@netscape.com,Male,83.129.157.106,3582972605369263
878,Myranda,Sarge,msargeod@webnode.com,Female,174.231.27.17,3581105085042651
879,Germain,O' Flaherty,goflahertyoe@howstuffworks.com,Male,16.9.164.20,5007661291804020
880,Ulrika,Emnoney,uemnoneyof@dagondesign.com,Agender,148.50.255.156,36908104481629
881,Etienne,Windley,ewindleyog@noaa.gov,Male,146.183.226.14,36664345655832
882,Kaitlynn,Kabos,kkabosoh@columbia.edu,Female,47.138.242.31,4175001170491814
883,Teddie,Edler,tedleroi@usa.gov,Male,155.124.59.30,3553957046828741
884,Timoteo,Iiannone,tiiannoneoj@scribd.com,Male,33.82.104.196,3543863258223576
885,Kaitlin,McClenan,kmcclenanok@rediff.com,Female,17.33.100.242,374294232941622
886,Ade,Everwin,aeverwinol@csmonitor.com,Genderfluid,8.153.196.1,4913301165374117
887,Natty,Barwack,nbarwackom@bbc.co.uk,Male,249.110.74.120,56022336004509216
888,Licha,Elstone,lelstoneon@umn.edu,Female,229.229.106.74,3537559405584468
889,Phebe,Jeremiah,pjeremiahoo@admin.ch,Female,185.232.241.186,30224936279579
890,Ida,Knewstub,iknewstubop@vistaprint.com,Female,145.117.111.210,5602253533827503
891,Fayre,Hritzko,fhritzkooq@behance.net,Genderfluid,17.14.222.145,3557979092611298
892,Averil,Skehan,askehanor@mozilla.org,Female,161.181.159.13,6759613806643599
893,Barnaby,Keyhoe,bkeyhoeos@twitpic.com,Male,171.126.24.223,630415715861752729
894,Bendite,Heball,bheballot@fda.gov,Female,39.169.204.24,3536578600589289
895,Edouard,Holberry,eholberryou@so-net.ne.jp,Male,147.37.93.80,630471794651079867
896,Lorens,Pash,lpashov@mtv.com,Male,109.37.182.195,3568913041187891
897,Madelyn,Ovey,moveyow@list-manage.com,Female,107.212.74.100,5602229460487685
898,Dillie,Sarra,dsarraox@friendfeed.com,Male,202.164.92.123,5018715095871994
899,Mareah,Laden,mladenoy@wsj.com,Female,241.252.69.114,3557561443044526
900,Reinhold,Gainsbury,rgainsburyoz@amazon.co.jp,Male,123.103.146.16,3559139404146321
901,Berta,Trudgian,btrudgianp0@geocities.jp,Female,225.210.225.130,5007661741416615
902,Barton,Jersch,bjerschp1@goo.ne.jp,Male,96.145.81.68,3585600966615209
903,Milli,Villa,mvillap2@simplemachines.org,Female,64.247.149.216,4913476355177866
904,Riobard,Junes,rjunesp3@hud.gov,Male,152.145.222.72,676382778856831850
905,Angil,Illwell,aillwellp4@simplemachines.org,Female,108.146.147.109,560225493093331196
906,Trumann,Lemanu,tlemanup5@dot.gov,Male,144.51.100.42,30121866564360
907,Patin,Gress,pgressp6@webmd.com,Polygender,123.41.2.176,6709008455180495200
908,Agneta,Ruslinge,aruslingep7@shop-pro.jp,Female,220.63.163.22,4913587580747578
909,Nance,Syson,nsysonp8@cdbaby.com,Genderqueer,69.128.250.15,3543407761157820
910,Renee,Jeandot,rjeandotp9@fc2.com,Female,61.247.71.216,3570337387249592
911,Florri,Kepling,fkeplingpa@timesonline.co.uk,Female,72.14.20.43,3579172433078799
912,Maiga,Charrett,mcharrettpb@pinterest.com,Female,84.121.158.4,5893870677417474
913,Reeta,Beincken,rbeinckenpc@instagram.com,Female,79.236.168.12,374288478648412
914,Yoko,Lynthal,ylynthalpd@forbes.com,Female,38.208.190.79,6759514464689300251
915,Caprice,Purkins,cpurkinspe@stumbleupon.com,Female,50.191.50.139,5018320924165178550
916,Isak,Whymark,iwhymarkpf@tinyurl.com,Male,93.217.234.37,676357981231147247
917,Onfroi,Gianinotti,ogianinottipg@independent.co.uk,Male,13.139.69.12,201660783986761
918,Quinn,Clearley,qclearleyph@tamu.edu,Polygender,215.201.75.192,3564611138601246
919,Sibyl,Gohn,sgohnpi@about.me,Female,113.245.39.107,3568307907793381
920,Shalom,Berg,sbergpj@360.cn,Male,241.179.107.20,30059336225966
921,Jacenta,Gallear,jgallearpk@apple.com,Female,74.115.52.80,560224772648025374
922,Che,Maber,cmaberpl@techcrunch.com,Male,84.15.155.169,3569950703654536
923,Nikita,Boyen,nboyenpm@timesonline.co.uk,Male,110.237.46.1,3569946662265405
924,Janette,Bus,jbuspn@aboutads.info,Female,241.193.118.76,3552035352102323
925,Mora,Doy,mdoypo@princeton.edu,Female,130.196.43.253,675924970893040549
926,Marshal,Hixson,mhixsonpp@ted.com,Male,143.205.9.206,3578137294915547
927,Alis,Skellorne,askellornepq@fda.gov,Female,125.114.150.107,337941491875679
928,Roderic,Monroe,rmonroepr@home.pl,Male,17.76.175.70,675983927365517303
929,Boy,Gianiello,bgianiellops@nyu.edu,Male,185.17.236.230,3560145417735841
930,Oren,Noddings,onoddingspt@purevolume.com,Male,239.214.23.58,5007667262827262
931,Guntar,Wensley,gwensleypu@wikipedia.org,Male,38.124.120.164,676225027655750791
932,Gerda,Jex,gjexpv@addthis.com,Female,23.31.88.71,6767835931523806
933,Dionisio,Laughton,dlaughtonpw@chronoengine.com,Male,138.154.64.115,5002353221038185
934,Annecorinne,Beard,abeardpx@ycombinator.com,Female,250.239.180.95,6759628101474440529
935,Verene,McAnellye,vmcanellyepy@biblegateway.com,Female,249.67.49.167,3582011554969722
936,Ninetta,Hall,nhallpz@oakley.com,Female,63.230.204.25,3548223598874783
937,Michale,Tonnesen,mtonnesenq0@cam.ac.uk,Male,122.34.201.250,4903738521087938747
938,Vicky,Dahlgren,vdahlgrenq1@geocities.jp,Female,3.26.229.148,3531531285115016
939,Colver,Quogan,cquoganq2@issuu.com,Male,156.201.170.133,3544874469293893
940,Blisse,Lockett,blockettq3@ox.ac.uk,Female,145.237.43.79,374288510971301
941,Ellary,Spry,espryq4@elpais.com,Male,57.204.169.93,5610653441254866
942,Meredith,Bane,mbaneq5@china.com.cn,Male,131.91.191.22,67069219776575634
943,Esme,Critchell,ecritchellq6@blogspot.com,Non-binary,12.205.106.11,3553022180945957
944,Menard,Morsley,mmorsleyq7@jimdo.com,Male,146.45.12.3,6304312562811298
945,Danny,Wife,dwifeq8@ed.gov,Male,148.127.251.25,3561387314125721
946,Faina,McAuley,fmcauleyq9@wiley.com,Female,101.14.138.172,30246425248153
947,Garvy,Midgley,gmidgleyqa@gov.uk,Male,70.17.34.224,5602220567379180
948,Alfredo,Bowkley,abowkleyqb@bandcamp.com,Male,184.81.36.176,201748565796415
949,Derry,Dominico,ddominicoqc@usatoday.com,Genderfluid,231.138.39.93,372301947804466
950,Margarette,Maryin,mmaryinqd@example.com,Female,182.121.94.59,6397313326119000
951,Fairlie,Madders,fmaddersqe@smh.com.au,Male,224.129.67.200,3542079784032578
952,Ronny,Ackermann,rackermannqf@hostgator.com,Male,179.54.64.87,6331104146246068
953,Bette,Whitta,bwhittaqg@goo.gl,Female,173.43.147.245,5002355931196740
954,Morten,Edgeley,medgeleyqh@va.gov,Male,108.208.226.4,5100149249109094
955,Trixi,Jendricke,tjendrickeqi@tinypic.com,Female,220.134.226.194,5317550305328677
956,Antonino,Jarmaine,ajarmaineqj@ftc.gov,Male,27.191.238.27,4917502953386280
957,Raffaello,Roseby,rrosebyqk@umn.edu,Male,204.244.23.172,67636781194038341
958,Hanny,Kirstein,hkirsteinql@microsoft.com,Female,33.89.178.139,201416866954519
959,Shanna,Kuhne,skuhneqm@washington.edu,Female,162.52.92.166,4175006258684628
960,Dreddy,Rigeby,drigebyqn@irs.gov,Female,99.253.232.243,3545430929694227
961,Butch,Ayllett,bayllettqo@economist.com,Polygender,167.240.104.207,5641820417641111505
962,Modestia,Shorto,mshortoqp@jiathis.com,Female,175.16.80.112,3580537200808163
963,Falkner,Houndsom,fhoundsomqq@dropbox.com,Male,227.217.246.220,5602215934138256234
964,Colver,Bygate,cbygateqr@eventbrite.com,Male,209.32.179.151,6371996665576309
965,Christel,Burkman,cburkmanqs@stumbleupon.com,Female,177.177.122.91,201810679431170
966,Lana,Swigg,lswiggqt@statcounter.com,Female,10.10.134.147,5467180725501253
967,Caroljean,Nafzger,cnafzgerqu@japanpost.jp,Female,29.195.59.63,3545643253773520
968,Laurene,Dumbrill,ldumbrillqv@nationalgeographic.com,Genderfluid,147.13.101.209,5641821513940760
969,Gisela,Trewhitt,gtrewhittqw@ezinearticles.com,Female,42.207.21.185,374283504688995
970,Rolf,Warcop,rwarcopqx@amazon.de,Male,50.202.114.80,3571301876917407
971,Cthrine,Forge,cforgeqy@edublogs.org,Female,160.109.139.135,4175005472169861
972,Sheridan,Luggar,sluggarqz@chronoengine.com,Male,89.105.50.14,3554850688266255
973,Rosalie,Richardsson,rrichardssonr0@auda.org.au,Female,5.155.52.156,374622906336358
974,Uriel,Reisen,ureisenr1@xinhuanet.com,Male,57.203.117.237,374288469076151
975,Jerry,Euston,jeustonr2@ifeng.com,Male,128.46.58.15,3583619051821128
976,Amelia,Sange,asanger3@jalbum.net,Female,251.203.183.9,374622242741899
977,Annabella,Marikhin,amarikhinr4@cocolog-nifty.com,Genderfluid,231.214.75.169,56022379280956388
978,Nerty,Rodder,nrodderr5@github.io,Female,40.108.158.22,3565767759137206
979,Carmel,Mille,cmiller6@telegraph.co.uk,Female,33.98.20.162,3530418858667618
980,Read,Comben,rcombenr7@businesswire.com,Male,238.5.201.52,374283095952412
981,Jaymie,Roseveare,jrosevearer8@slashdot.org,Male,108.252.68.72,67592025528400856
982,Kerrill,Mustill,kmustillr9@house.gov,Female,208.147.236.94,5602217742820855512
983,Tabatha,de Werk,tdewerkra@ft.com,Female,13.107.182.33,5048379766191689
984,Berta,Entreis,bentreisrb@google.nl,Female,18.47.162.129,4041373906155
985,Bambi,Saldler,bsaldlerrc@state.tx.us,Female,110.34.24.176,3560263414426528
986,Alphard,Cowser,acowserrd@hibu.com,Male,42.253.113.140,3539835900197362
987,Ches,Watman,cwatmanre@wunderground.com,Male,164.206.203.200,633388717960768520
988,Almeta,Humburton,ahumburtonrf@nasa.gov,Female,70.7.176.210,3555739656743719
989,Zandra,Cordova,zcordovarg@newsvine.com,Female,228.41.178.44,3581805962390772
990,Tabbitha,Crossfeld,tcrossfeldrh@go.com,Female,168.107.208.116,3583264499451327
991,Valeria,Beavis,vbeavisri@studiopress.com,Female,45.54.151.105,3589123688653727
992,Kari,Beaulieu,kbeaulieurj@buzzfeed.com,Female,16.223.78.91,4041593844483
993,Whit,Steanson,wsteansonrk@typepad.com,Male,170.46.253.230,4917254083310570
994,Gardener,Krolle,gkrollerl@japanpost.jp,Male,135.68.175.38,5100138643947910
995,Doroteya,Verni,dvernirm@hp.com,Female,218.53.198.117,3571819244755001
996,Derby,Bolwell,dbolwellrn@earthlink.net,Male,243.251.144.212,3542725701291982
997,Merilyn,Deveril,mdeverilro@scientificamerican.com,Female,44.240.194.204,676794135275312339
998,Urson,Sanchez,usanchezrp@google.fr,Male,162.47.171.96,6383578236576855
999,Peder,McNiff,pmcniffrq@addthis.com,Male,44.202.212.69,3554987902910548
1000,Lin,Walker,lwalkerrr@istockphoto.com,Female,95.98.234.244,4844431925481987
